Id,Name,Age,Field1,Field2,Field3,Field4,Field5,Field6
1,Tan,30,AAAAAaaaaa,BBBBBbbbbb,CCCCCccccc,DDDDDddddd,EEEEEeeeee,FFFFFfffff
2,Tan,25,AAAAAaaaaa,BBBBBbbbbb,CCCCCccccc,DDDDDddddd,EEEEEeeeee,FFFFFfffff
3,Tan,30,AAAAAaaaaa,BBBBBbbbbb,CCCCCccccc,DDDDDddddd,EEEEEeeeee,FFFFFfffff
4,Tan,25,AAAAAaaaaa,BBBBBbbbbb,CCCCCccccc,DDDDDddddd,EEEEEeeeee,FFFFFfffff
5,Tan,30,AAAAAaaaaa,BBBBBbbbbb,CCCCCccccc,DDDDDddddd,EEEEEeeeee,FFFFFfffff
6,Tan,25,AAAAAaaaaa,BBBBBbbbbb,CCCCCccccc,DDDDDddddd,EEEEEeeeee,FFFFFfffff
7,Tan,30,AAAAAaaaaa,BBBBBbbbbb,CCCCCccccc,DDDDDddddd,EEEEEeeeee,FFFFFfffff
8,Tan,25,AAAAAaaaaa,BBBBBbbbbb,CCCCCccccc,DDDDDddddd,EEEEEeeeee,FFFFFfffff
9,Tan,30,AAAAAaaaaa,BBBBBbbbbb,CCCCCccccc,DDDDDddddd,EEEEEeeeee,FFFFFfffff
10,Tan,25,AAAAAaaaaa,BBBBBbbbbb,CCCCCccccc,DDDDDddddd,EEEEEeeeee,FFFFFfffff
1,Anna,30,AAAAAaaaaa,BBBBBbbbbb,CCCCCccccc,DDDDDddddd,EEEEEeeeee,FFFFFfffff
2,Anna,25,AAAAAaaaaa,BBBBBbbbbb,CCCCCccccc,DDDDDddddd,EEEEEeeeee,FFFFFfffff
3,Anna,30,AAAAAaaaaa,BBBBBbbbbb,CCCCCccccc,DDDDDddddd,EEEEEeeeee,FFFFFfffff
4,Anna,25,AAAAAaaaaa,BBBBBbbbbb,CCCCCccccc,DDDDDddddd,EEEEEeeeee,FFFFFfffff
5,Anna,30,AAAAAaaaaa,BBBBBbbbbb,CCCCCccccc,DDDDDddddd,EEEEEeeeee,FFFFFfffff
6,Anna,25,AAAAAaaaaa,BBBBBbbbbb,CCCCCccccc,DDDDDddddd,EEEEEeeeee,FFFFFfffff
7,Anna,30,AAAAAaaaaa,BBBBBbbbbb,CCCCCccccc,DDDDDddddd,EEEEEeeeee,FFFFFfffff
8,Anna,25,AAAAAaaaaa,BBBBBbbbbb,CCCCCccccc,DDDDDddddd,EEEEEeeeee,FFFFFfffff
9,Anna,30,AAAAAaaaaa,BBBBBbbbbb,CCCCCccccc,DDDDDddddd,EEEEEeeeee,FFFFFfffff
10,Anna,25,AAAAAaaaaa,BBBBBbbbbb,CCCCCccccc,DDDDDddddd,EEEEEeeeee,FFFFFfffff
1,Beta,30,AAAAAaaaaa,BBBBBbbbbb,CCCCCccccc,DDDDDddddd,EEEEEeeeee,FFFFFfffff
2,Beta,25,AAAAAaaaaa,BBBBBbbbbb,CCCCCccccc,DDDDDddddd,EEEEEeeeee,FFFFFfffff
3,Beta,30,AAAAAaaaaa,BBBBBbbbbb,CCCCCccccc,DDDDDddddd,EEEEEeeeee,FFFFFfffff
4,Beta,25,AAAAAaaaaa,BBBBBbbbbb,CCCCCccccc,DDDDDddddd,EEEEEeeeee,FFFFFfffff
5,Beta,30,AAAAAaaaaa,BBBBBbbbbb,CCCCCccccc,DDDDDddddd,EEEEEeeeee,FFFFFfffff
6,Beta,25,AAAAAaaaaa,BBBBBbbbbb,CCCCCccccc,DDDDDddddd,EEEEEeeeee,FFFFFfffff
7,Beta,30,AAAAAaaaaa,BBBBBbbbbb,CCCCCccccc,DDDDDddddd,EEEEEeeeee,FFFFFfffff
8,Beta,25,AAAAAaaaaa,BBBBBbbbbb,CCCCCccccc,DDDDDddddd,EEEEEeeeee,FFFFFfffff
9,Beta,30,AAAAAaaaaa,BBBBBbbbbb,CCCCCccccc,DDDDDddddd,EEEEEeeeee,FFFFFfffff
10,Beta,25,AAAAAaaaaa,BBBBBbbbbb,CCCCCccccc,DDDDDddddd,EEEEEeeeee,FFFFFfffff
1,Gama,30,AAAAAaaaaa,BBBBBbbbbb,CCCCCccccc,DDDDDddddd,EEEEEeeeee,FFFFFfffff
2,Gama,25,AAAAAaaaaa,BBBBBbbbbb,CCCCCccccc,DDDDDddddd,EEEEEeeeee,FFFFFfffff
3,Gama,30,AAAAAaaaaa,BBBBBbbbbb,CCCCCccccc,DDDDDddddd,EEEEEeeeee,FFFFFfffff
4,Gama,25,AAAAAaaaaa,BBBBBbbbbb,CCCCCccccc,DDDDDddddd,EEEEEeeeee,FFFFFfffff
5,Gama,30,AAAAAaaaaa,BBBBBbbbbb,CCCCCccccc,DDDDDddddd,EEEEEeeeee,FFFFFfffff
6,Gama,25,AAAAAaaaaa,BBBBBbbbbb,CCCCCccccc,DDDDDddddd,EEEEEeeeee,FFFFFfffff
7,Gama,30,AAAAAaaaaa,BBBBBbbbbb,CCCCCccccc,DDDDDddddd,EEEEEeeeee,FFFFFfffff
8,Gama,25,AAAAAaaaaa,BBBBBbbbbb,CCCCCccccc,DDDDDddddd,EEEEEeeeee,FFFFFfffff
9,Gama,30,AAAAAaaaaa,BBBBBbbbbb,CCCCCccccc,DDDDDddddd,EEEEEeeeee,FFFFFfffff
10,Gama,25,AAAAAaaaaa,BBBBBbbbbb,CCCCCccccc,DDDDDddddd,EEEEEeeeee,FFFFFfffff
11,Gama,30,AAAAAaaaaa,BBBBBbbbbb,CCCCCccccc,DDDDDddddd,EEEEEeeeee,FFFFFfffff
12,Gama,25,AAAAAaaaaa,BBBBBbbbbb,CCCCCccccc,DDDDDddddd,EEEEEeeeee,FFFFFfffff
13,Gama,30,AAAAAaaaaa,BBBBBbbbbb,CCCCCccccc,DDDDDddddd,EEEEEeeeee,FFFFFfffff
14,Gama,25,AAAAAaaaaa,BBBBBbbbbb,CCCCCccccc,DDDDDddddd,EEEEEeeeee,FFFFFfffff
15,Gama,30,AAAAAaaaaa,BBBBBbbbbb,CCCCCccccc,DDDDDddddd,EEEEEeeeee,FFFFFfffff
16,Gama,25,AAAAAaaaaa,BBBBBbbbbb,CCCCCccccc,DDDDDddddd,EEEEEeeeee,FFFFFfffff
17,Gama,30,AAAAAaaaaa,BBBBBbbbbb,CCCCCccccc,DDDDDddddd,EEEEEeeeee,FFFFFfffff
18,Gama,25,AAAAAaaaaa,BBBBBbbbbb,CCCCCccccc,DDDDDddddd,EEEEEeeeee,FFFFFfffff
19,Gama,30,AAAAAaaaaa,BBBBBbbbbb,CCCCCccccc,DDDDDddddd,EEEEEeeeee,FFFFFfffff
20,Gama,25,AAAAAaaaaa,BBBBBbbbbb,CCCCCccccc,DDDDDddddd,EEEEEeeeee,FFFFFfffff
1,Sigma,30,AAAAAaaaaa,BBBBBbbbbb,CCCCCccccc,DDDDDddddd,EEEEEeeeee,FFFFFfffff
2,Sigma,25,AAAAAaaaaa,BBBBBbbbbb,CCCCCccccc,DDDDDddddd,EEEEEeeeee,FFFFFfffff
3,Sigma,30,AAAAAaaaaa,BBBBBbbbbb,CCCCCccccc,DDDDDddddd,EEEEEeeeee,FFFFFfffff
4,Sigma,25,AAAAAaaaaa,BBBBBbbbbb,CCCCCccccc,DDDDDddddd,EEEEEeeeee,FFFFFfffff
5,Sigma,30,AAAAAaaaaa,BBBBBbbbbb,CCCCCccccc,DDDDDddddd,EEEEEeeeee,FFFFFfffff
6,Sigma,25,AAAAAaaaaa,BBBBBbbbbb,CCCCCccccc,DDDDDddddd,EEEEEeeeee,FFFFFfffff
7,Sigma,30,AAAAAaaaaa,BBBBBbbbbb,CCCCCccccc,DDDDDddddd,EEEEEeeeee,FFFFFfffff
8,Sigma,25,AAAAAaaaaa,BBBBBbbbbb,CCCCCccccc,DDDDDddddd,EEEEEeeeee,FFFFFfffff
9,Sigma,30,AAAAAaaaaa,BBBBBbbbbb,CCCCCccccc,DDDDDddddd,EEEEEeeeee,FFFFFfffff
10,Sigma,25,AAAAAaaaaa,BBBBBbbbbb,CCCCCccccc,DDDDDddddd,EEEEEeeeee,FFFFFfffff
11,Sigma,30,AAAAAaaaaa,BBBBBbbbbb,CCCCCccccc,DDDDDddddd,EEEEEeeeee,FFFFFfffff
12,Sigma,25,AAAAAaaaaa,BBBBBbbbbb,CCCCCccccc,DDDDDddddd,EEEEEeeeee,FFFFFfffff
13,Sigma,30,AAAAAaaaaa,BBBBBbbbbb,CCCCCccccc,DDDDDddddd,EEEEEeeeee,FFFFFfffff
14,Sigma,25,AAAAAaaaaa,BBBBBbbbbb,CCCCCccccc,DDDDDddddd,EEEEEeeeee,FFFFFfffff
15,Sigma,30,AAAAAaaaaa,BBBBBbbbbb,CCCCCccccc,DDDDDddddd,EEEEEeeeee,FFFFFfffff
16,Sigma,25,AAAAAaaaaa,BBBBBbbbbb,CCCCCccccc,DDDDDddddd,EEEEEeeeee,FFFFFfffff
17,Sigma,30,AAAAAaaaaa,BBBBBbbbbb,CCCCCccccc,DDDDDddddd,EEEEEeeeee,FFFFFfffff
18,Sigma,25,AAAAAaaaaa,BBBBBbbbbb,CCCCCccccc,DDDDDddddd,EEEEEeeeee,FFFFFfffff
19,Sigma,30,AAAAAaaaaa,BBBBBbbbbb,CCCCCccccc,DDDDDddddd,EEEEEeeeee,FFFFFfffff
20,Sigma,25,AAAAAaaaaa,BBBBBbbbbb,CCCCCccccc,DDDDDddddd,EEEEEeeeee,FFFFFfffff
21,Sigma,25,AAAAAaaaaa,BBBBBbbbbb,CCCCCccccc,DDDDDddddd,EEEEEeeeee,FFFFFfffff
22,Sigma,30,AAAAAaaaaa,BBBBBbbbbb,CCCCCccccc,DDDDDddddd,EEEEEeeeee,FFFFFfffff
23,Sigma,25,AAAAAaaaaa,BBBBBbbbbb,CCCCCccccc,DDDDDddddd,EEEEEeeeee,FFFFFfffff
24,Sigma,30,AAAAAaaaaa,BBBBBbbbbb,CCCCCccccc,DDDDDddddd,EEEEEeeeee,FFFFFfffff
25,Sigma,25,AAAAAaaaaa,BBBBBbbbbb,CCCCCccccc,DDDDDddddd,EEEEEeeeee,FFFFFfffff
26,Sigma,30,AAAAAaaaaa,BBBBBbbbbb,CCCCCccccc,DDDDDddddd,EEEEEeeeee,FFFFFfffff
27,Sigma,25,AAAAAaaaaa,BBBBBbbbbb,CCCCCccccc,DDDDDddddd,EEEEEeeeee,FFFFFfffff
28,Sigma,30,AAAAAaaaaa,BBBBBbbbbb,CCCCCccccc,DDDDDddddd,EEEEEeeeee,FFFFFfffff
29,Sigma,25,AAAAAaaaaa,BBBBBbbbbb,CCCCCccccc,DDDDDddddd,EEEEEeeeee,FFFFFfffff
30,Sigma,30,AAAAAaaaaa,BBBBBbbbbb,CCCCCccccc,DDDDDddddd,EEEEEeeeee,FFFFFfffff
31,Sigma,25,AAAAAaaaaa,BBBBBbbbbb,CCCCCccccc,DDDDDddddd,EEEEEeeeee,FFFFFfffff
32,Sigma,25,AAAAAaaaaa,BBBBBbbbbb,CCCCCccccc,DDDDDddddd,EEEEEeeeee,FFFFFfffff
33,Sigma,30,AAAAAaaaaa,BBBBBbbbbb,CCCCCccccc,DDDDDddddd,EEEEEeeeee,FFFFFfffff
34,Sigma,25,AAAAAaaaaa,BBBBBbbbbb,CCCCCccccc,DDDDDddddd,EEEEEeeeee,FFFFFfffff
35,Sigma,30,AAAAAaaaaa,BBBBBbbbbb,CCCCCccccc,DDDDDddddd,EEEEEeeeee,FFFFFfffff
36,Sigma,25,AAAAAaaaaa,BBBBBbbbbb,CCCCCccccc,DDDDDddddd,EEEEEeeeee,FFFFFfffff
37,Sigma,30,AAAAAaaaaa,BBBBBbbbbb,CCCCCccccc,DDDDDddddd,EEEEEeeeee,FFFFFfffff
38,Sigma,25,AAAAAaaaaa,BBBBBbbbbb,CCCCCccccc,DDDDDddddd,EEEEEeeeee,FFFFFfffff
1,Duma,30,AAAAAaaaaa,BBBBBbbbbb,CCCCCccccc,DDDDDddddd,EEEEEeeeee,FFFFFfffff
2,Duma,25,AAAAAaaaaa,BBBBBbbbbb,CCCCCccccc,DDDDDddddd,EEEEEeeeee,FFFFFfffff
3,Duma,30,AAAAAaaaaa,BBBBBbbbbb,CCCCCccccc,DDDDDddddd,EEEEEeeeee,FFFFFfffff
4,Duma,25,AAAAAaaaaa,BBBBBbbbbb,CCCCCccccc,DDDDDddddd,EEEEEeeeee,FFFFFfffff
5,Duma,30,AAAAAaaaaa,BBBBBbbbbb,CCCCCccccc,DDDDDddddd,EEEEEeeeee,FFFFFfffff
6,Duma,25,AAAAAaaaaa,BBBBBbbbbb,CCCCCccccc,DDDDDddddd,EEEEEeeeee,FFFFFfffff
7,Duma,30,AAAAAaaaaa,BBBBBbbbbb,CCCCCccccc,DDDDDddddd,EEEEEeeeee,FFFFFfffff
8,Duma,25,AAAAAaaaaa,BBBBBbbbbb,CCCCCccccc,DDDDDddddd,EEEEEeeeee,FFFFFfffff
9,Duma,30,AAAAAaaaaa,BBBBBbbbbb,CCCCCccccc,DDDDDddddd,EEEEEeeeee,FFFFFfffff
10,Duma,25,AAAAAaaaaa,BBBBBbbbbb,CCCCCccccc,DDDDDddddd,EEEEEeeeee,FFFFFfffff
11,Duma,30,AAAAAaaaaa,BBBBBbbbbb,CCCCCccccc,DDDDDddddd,EEEEEeeeee,FFFFFfffff
12,Duma,25,AAAAAaaaaa,BBBBBbbbbb,CCCCCccccc,DDDDDddddd,EEEEEeeeee,FFFFFfffff
13,Duma,30,AAAAAaaaaa,BBBBBbbbbb,CCCCCccccc,DDDDDddddd,EEEEEeeeee,FFFFFfffff
14,Duma,25,AAAAAaaaaa,BBBBBbbbbb,CCCCCccccc,DDDDDddddd,EEEEEeeeee,FFFFFfffff
15,Duma,30,AAAAAaaaaa,BBBBBbbbbb,CCCCCccccc,DDDDDddddd,EEEEEeeeee,FFFFFfffff
16,Duma,25,AAAAAaaaaa,BBBBBbbbbb,CCCCCccccc,DDDDDddddd,EEEEEeeeee,FFFFFfffff
17,Duma,30,AAAAAaaaaa,BBBBBbbbbb,CCCCCccccc,DDDDDddddd,EEEEEeeeee,FFFFFfffff
18,Duma,25,AAAAAaaaaa,BBBBBbbbbb,CCCCCccccc,DDDDDddddd,EEEEEeeeee,FFFFFfffff
19,Duma,30,AAAAAaaaaa,BBBBBbbbbb,CCCCCccccc,DDDDDddddd,EEEEEeeeee,FFFFFfffff
20,Duma,25,AAAAAaaaaa,BBBBBbbbbb,CCCCCccccc,DDDDDddddd,EEEEEeeeee,FFFFFfffff
21,Duma,25,AAAAAaaaaa,BBBBBbbbbb,CCCCCccccc,DDDDDddddd,EEEEEeeeee,FFFFFfffff
22,Duma,30,AAAAAaaaaa,BBBBBbbbbb,CCCCCccccc,DDDDDddddd,EEEEEeeeee,FFFFFfffff
23,Duma,25,AAAAAaaaaa,BBBBBbbbbb,CCCCCccccc,DDDDDddddd,EEEEEeeeee,FFFFFfffff
24,Duma,30,AAAAAaaaaa,BBBBBbbbbb,CCCCCccccc,DDDDDddddd,EEEEEeeeee,FFFFFfffff
25,Duma,25,AAAAAaaaaa,BBBBBbbbbb,CCCCCccccc,DDDDDddddd,EEEEEeeeee,FFFFFfffff
26,Duma,30,AAAAAaaaaa,BBBBBbbbbb,CCCCCccccc,DDDDDddddd,EEEEEeeeee,FFFFFfffff
27,Duma,25,AAAAAaaaaa,BBBBBbbbbb,CCCCCccccc,DDDDDddddd,EEEEEeeeee,FFFFFfffff
28,Duma,30,AAAAAaaaaa,BBBBBbbbbb,CCCCCccccc,DDDDDddddd,EEEEEeeeee,FFFFFfffff
29,Duma,25,AAAAAaaaaa,BBBBBbbbbb,CCCCCccccc,DDDDDddddd,EEEEEeeeee,FFFFFfffff
30,Duma,30,AAAAAaaaaa,BBBBBbbbbb,CCCCCccccc,DDDDDddddd,EEEEEeeeee,FFFFFfffff
31,Duma,25,AAAAAaaaaa,BBBBBbbbbb,CCCCCccccc,DDDDDddddd,EEEEEeeeee,FFFFFfffff
32,Duma,25,AAAAAaaaaa,BBBBBbbbbb,CCCCCccccc,DDDDDddddd,EEEEEeeeee,FFFFFfffff
33,Duma,30,AAAAAaaaaa,BBBBBbbbbb,CCCCCccccc,DDDDDddddd,EEEEEeeeee,FFFFFfffff
34,Duma,25,AAAAAaaaaa,BBBBBbbbbb,CCCCCccccc,DDDDDddddd,EEEEEeeeee,FFFFFfffff
35,Duma,30,AAAAAaaaaa,BBBBBbbbbb,CCCCCccccc,DDDDDddddd,EEEEEeeeee,FFFFFfffff
36,Duma,25,AAAAAaaaaa,BBBBBbbbbb,CCCCCccccc,DDDDDddddd,EEEEEeeeee,FFFFFfffff
37,Duma,30,AAAAAaaaaa,BBBBBbbbbb,CCCCCccccc,DDDDDddddd,EEEEEeeeee,FFFFFfffff
38,Duma,25,AAAAAaaaaa,BBBBBbbbbb,CCCCCccccc,DDDDDddddd,EEEEEeeeee,FFFFFfffff
1,Suma,30,AAAAAaaaaa,BBBBBbbbbb,CCCCCccccc,DDDDDddddd,EEEEEeeeee,FFFFFfffff
2,Suma,25,AAAAAaaaaa,BBBBBbbbbb,CCCCCccccc,DDDDDddddd,EEEEEeeeee,FFFFFfffff
3,Suma,30,AAAAAaaaaa,BBBBBbbbbb,CCCCCccccc,DDDDDddddd,EEEEEeeeee,FFFFFfffff
4,Suma,25,AAAAAaaaaa,BBBBBbbbbb,CCCCCccccc,DDDDDddddd,EEEEEeeeee,FFFFFfffff
5,Suma,30,AAAAAaaaaa,BBBBBbbbbb,CCCCCccccc,DDDDDddddd,EEEEEeeeee,FFFFFfffff
6,Suma,25,AAAAAaaaaa,BBBBBbbbbb,CCCCCccccc,DDDDDddddd,EEEEEeeeee,FFFFFfffff
7,Suma,30,AAAAAaaaaa,BBBBBbbbbb,CCCCCccccc,DDDDDddddd,EEEEEeeeee,FFFFFfffff
8,Suma,25,AAAAAaaaaa,BBBBBbbbbb,CCCCCccccc,DDDDDddddd,EEEEEeeeee,FFFFFfffff
9,Suma,30,AAAAAaaaaa,BBBBBbbbbb,CCCCCccccc,DDDDDddddd,EEEEEeeeee,FFFFFfffff
10,Suma,25,AAAAAaaaaa,BBBBBbbbbb,CCCCCccccc,DDDDDddddd,EEEEEeeeee,FFFFFfffff
11,Suma,30,AAAAAaaaaa,BBBBBbbbbb,CCCCCccccc,DDDDDddddd,EEEEEeeeee,FFFFFfffff
12,Suma,25,AAAAAaaaaa,BBBBBbbbbb,CCCCCccccc,DDDDDddddd,EEEEEeeeee,FFFFFfffff
13,Suma,30,AAAAAaaaaa,BBBBBbbbbb,CCCCCccccc,DDDDDddddd,EEEEEeeeee,FFFFFfffff
14,Suma,25,AAAAAaaaaa,BBBBBbbbbb,CCCCCccccc,DDDDDddddd,EEEEEeeeee,FFFFFfffff
15,Suma,30,AAAAAaaaaa,BBBBBbbbbb,CCCCCccccc,DDDDDddddd,EEEEEeeeee,FFFFFfffff
16,Suma,25,AAAAAaaaaa,BBBBBbbbbb,CCCCCccccc,DDDDDddddd,EEEEEeeeee,FFFFFfffff
17,Suma,30,AAAAAaaaaa,BBBBBbbbbb,CCCCCccccc,DDDDDddddd,EEEEEeeeee,FFFFFfffff
18,Suma,25,AAAAAaaaaa,BBBBBbbbbb,CCCCCccccc,DDDDDddddd,EEEEEeeeee,FFFFFfffff
19,Suma,30,AAAAAaaaaa,BBBBBbbbbb,CCCCCccccc,DDDDDddddd,EEEEEeeeee,FFFFFfffff
20,Suma,25,AAAAAaaaaa,BBBBBbbbbb,CCCCCccccc,DDDDDddddd,EEEEEeeeee,FFFFFfffff
21,Suma,25,AAAAAaaaaa,BBBBBbbbbb,CCCCCccccc,DDDDDddddd,EEEEEeeeee,FFFFFfffff
22,Suma,30,AAAAAaaaaa,BBBBBbbbbb,CCCCCccccc,DDDDDddddd,EEEEEeeeee,FFFFFfffff
23,Suma,25,AAAAAaaaaa,BBBBBbbbbb,CCCCCccccc,DDDDDddddd,EEEEEeeeee,FFFFFfffff
24,Suma,30,AAAAAaaaaa,BBBBBbbbbb,CCCCCccccc,DDDDDddddd,EEEEEeeeee,FFFFFfffff
25,Suma,25,AAAAAaaaaa,BBBBBbbbbb,CCCCCccccc,DDDDDddddd,EEEEEeeeee,FFFFFfffff
26,Suma,30,AAAAAaaaaa,BBBBBbbbbb,CCCCCccccc,DDDDDddddd,EEEEEeeeee,FFFFFfffff
27,Suma,25,AAAAAaaaaa,BBBBBbbbbb,CCCCCccccc,DDDDDddddd,EEEEEeeeee,FFFFFfffff
28,Suma,30,AAAAAaaaaa,BBBBBbbbbb,CCCCCccccc,DDDDDddddd,EEEEEeeeee,FFFFFfffff
29,Suma,25,AAAAAaaaaa,BBBBBbbbbb,CCCCCccccc,DDDDDddddd,EEEEEeeeee,FFFFFfffff
30,Suma,30,AAAAAaaaaa,BBBBBbbbbb,CCCCCccccc,DDDDDddddd,EEEEEeeeee,FFFFFfffff
31,Suma,25,AAAAAaaaaa,BBBBBbbbbb,CCCCCccccc,DDDDDddddd,EEEEEeeeee,FFFFFfffff
32,Suma,25,AAAAAaaaaa,BBBBBbbbbb,CCCCCccccc,DDDDDddddd,EEEEEeeeee,FFFFFfffff
33,Suma,30,AAAAAaaaaa,BBBBBbbbbb,CCCCCccccc,DDDDDddddd,EEEEEeeeee,FFFFFfffff
34,Suma,25,AAAAAaaaaa,BBBBBbbbbb,CCCCCccccc,DDDDDddddd,EEEEEeeeee,FFFFFfffff
35,Suma,30,AAAAAaaaaa,BBBBBbbbbb,CCCCCccccc,DDDDDddddd,EEEEEeeeee,FFFFFfffff
36,Suma,25,AAAAAaaaaa,BBBBBbbbbb,CCCCCccccc,DDDDDddddd,EEEEEeeeee,FFFFFfffff
37,Suma,30,AAAAAaaaaa,BBBBBbbbbb,CCCCCccccc,DDDDDddddd,EEEEEeeeee,FFFFFfffff
38,Suma,25,AAAAAaaaaa,BBBBBbbbbb,CCCCCccccc,DDDDDddddd,EEEEEeeeee,FFFFFfffff
1,Jack,30,AAAAAaaaaa,BBBBBbbbbb,CCCCCccccc,DDDDDddddd,EEEEEeeeee,FFFFFfffff
2,Jack,25,AAAAAaaaaa,BBBBBbbbbb,CCCCCccccc,DDDDDddddd,EEEEEeeeee,FFFFFfffff
3,Jack,30,AAAAAaaaaa,BBBBBbbbbb,CCCCCccccc,DDDDDddddd,EEEEEeeeee,FFFFFfffff
4,Jack,25,AAAAAaaaaa,BBBBBbbbbb,CCCCCccccc,DDDDDddddd,EEEEEeeeee,FFFFFfffff
5,Jack,30,AAAAAaaaaa,BBBBBbbbbb,CCCCCccccc,DDDDDddddd,EEEEEeeeee,FFFFFfffff
6,Jack,25,AAAAAaaaaa,BBBBBbbbbb,CCCCCccccc,DDDDDddddd,EEEEEeeeee,FFFFFfffff
7,Jack,30,AAAAAaaaaa,BBBBBbbbbb,CCCCCccccc,DDDDDddddd,EEEEEeeeee,FFFFFfffff
8,Jack,25,AAAAAaaaaa,BBBBBbbbbb,CCCCCccccc,DDDDDddddd,EEEEEeeeee,FFFFFfffff
9,Jack,30,AAAAAaaaaa,BBBBBbbbbb,CCCCCccccc,DDDDDddddd,EEEEEeeeee,FFFFFfffff
10,Jack,25,AAAAAaaaaa,BBBBBbbbbb,CCCCCccccc,DDDDDddddd,EEEEEeeeee,FFFFFfffff
11,Jack,30,AAAAAaaaaa,BBBBBbbbbb,CCCCCccccc,DDDDDddddd,EEEEEeeeee,FFFFFfffff
12,Jack,25,AAAAAaaaaa,BBBBBbbbbb,CCCCCccccc,DDDDDddddd,EEEEEeeeee,FFFFFfffff
13,Jack,30,AAAAAaaaaa,BBBBBbbbbb,CCCCCccccc,DDDDDddddd,EEEEEeeeee,FFFFFfffff
14,Jack,25,AAAAAaaaaa,BBBBBbbbbb,CCCCCccccc,DDDDDddddd,EEEEEeeeee,FFFFFfffff
15,Jack,30,AAAAAaaaaa,BBBBBbbbbb,CCCCCccccc,DDDDDddddd,EEEEEeeeee,FFFFFfffff
16,Jack,25,AAAAAaaaaa,BBBBBbbbbb,CCCCCccccc,DDDDDddddd,EEEEEeeeee,FFFFFfffff
17,Jack,30,AAAAAaaaaa,BBBBBbbbbb,CCCCCccccc,DDDDDddddd,EEEEEeeeee,FFFFFfffff
18,Jack,25,AAAAAaaaaa,BBBBBbbbbb,CCCCCccccc,DDDDDddddd,EEEEEeeeee,FFFFFfffff
19,Jack,30,AAAAAaaaaa,BBBBBbbbbb,CCCCCccccc,DDDDDddddd,EEEEEeeeee,FFFFFfffff
20,Jack,25,AAAAAaaaaa,BBBBBbbbbb,CCCCCccccc,DDDDDddddd,EEEEEeeeee,FFFFFfffff
21,Jack,25,AAAAAaaaaa,BBBBBbbbbb,CCCCCccccc,DDDDDddddd,EEEEEeeeee,FFFFFfffff
22,Jack,30,AAAAAaaaaa,BBBBBbbbbb,CCCCCccccc,DDDDDddddd,EEEEEeeeee,FFFFFfffff
23,Jack,25,AAAAAaaaaa,BBBBBbbbbb,CCCCCccccc,DDDDDddddd,EEEEEeeeee,FFFFFfffff
24,Jack,30,AAAAAaaaaa,BBBBBbbbbb,CCCCCccccc,DDDDDddddd,EEEEEeeeee,FFFFFfffff
25,Jack,25,AAAAAaaaaa,BBBBBbbbbb,CCCCCccccc,DDDDDddddd,EEEEEeeeee,FFFFFfffff
26,Jack,30,AAAAAaaaaa,BBBBBbbbbb,CCCCCccccc,DDDDDddddd,EEEEEeeeee,FFFFFfffff
27,Jack,25,AAAAAaaaaa,BBBBBbbbbb,CCCCCccccc,DDDDDddddd,EEEEEeeeee,FFFFFfffff
28,Jack,30,AAAAAaaaaa,BBBBBbbbbb,CCCCCccccc,DDDDDddddd,EEEEEeeeee,FFFFFfffff
29,Jack,25,AAAAAaaaaa,BBBBBbbbbb,CCCCCccccc,DDDDDddddd,EEEEEeeeee,FFFFFfffff
30,Jack,30,AAAAAaaaaa,BBBBBbbbbb,CCCCCccccc,DDDDDddddd,EEEEEeeeee,FFFFFfffff
31,Jack,25,AAAAAaaaaa,BBBBBbbbbb,CCCCCccccc,DDDDDddddd,EEEEEeeeee,FFFFFfffff
32,Jack,25,AAAAAaaaaa,BBBBBbbbbb,CCCCCccccc,DDDDDddddd,EEEEEeeeee,FFFFFfffff
33,Jack,30,AAAAAaaaaa,BBBBBbbbbb,CCCCCccccc,DDDDDddddd,EEEEEeeeee,FFFFFfffff
34,Jack,25,AAAAAaaaaa,BBBBBbbbbb,CCCCCccccc,DDDDDddddd,EEEEEeeeee,FFFFFfffff
35,Jack,30,AAAAAaaaaa,BBBBBbbbbb,CCCCCccccc,DDDDDddddd,EEEEEeeeee,FFFFFfffff
36,Jack,25,AAAAAaaaaa,BBBBBbbbbb,CCCCCccccc,DDDDDddddd,EEEEEeeeee,FFFFFfffff
37,Jack,30,AAAAAaaaaa,BBBBBbbbbb,CCCCCccccc,DDDDDddddd,EEEEEeeeee,FFFFFfffff
38,Jack,25,AAAAAaaaaa,BBBBBbbbbb,CCCCCccccc,DDDDDddddd,EEEEEeeeee,FFFFFfffff
1,John,30,AAAAAaaaaa,BBBBBbbbbb,CCCCCccccc,DDDDDddddd,EEEEEeeeee,FFFFFfffff
2,John,25,AAAAAaaaaa,BBBBBbbbbb,CCCCCccccc,DDDDDddddd,EEEEEeeeee,FFFFFfffff
3,John,30,AAAAAaaaaa,BBBBBbbbbb,CCCCCccccc,DDDDDddddd,EEEEEeeeee,FFFFFfffff
4,John,25,AAAAAaaaaa,BBBBBbbbbb,CCCCCccccc,DDDDDddddd,EEEEEeeeee,FFFFFfffff
5,John,30,AAAAAaaaaa,BBBBBbbbbb,CCCCCccccc,DDDDDddddd,EEEEEeeeee,FFFFFfffff
6,John,25,AAAAAaaaaa,BBBBBbbbbb,CCCCCccccc,DDDDDddddd,EEEEEeeeee,FFFFFfffff
7,John,30,AAAAAaaaaa,BBBBBbbbbb,CCCCCccccc,DDDDDddddd,EEEEEeeeee,FFFFFfffff
8,John,25,AAAAAaaaaa,BBBBBbbbbb,CCCCCccccc,DDDDDddddd,EEEEEeeeee,FFFFFfffff
9,John,30,AAAAAaaaaa,BBBBBbbbbb,CCCCCccccc,DDDDDddddd,EEEEEeeeee,FFFFFfffff
10,John,25,AAAAAaaaaa,BBBBBbbbbb,CCCCCccccc,DDDDDddddd,EEEEEeeeee,FFFFFfffff
11,John,30,AAAAAaaaaa,BBBBBbbbbb,CCCCCccccc,DDDDDddddd,EEEEEeeeee,FFFFFfffff
12,John,25,AAAAAaaaaa,BBBBBbbbbb,CCCCCccccc,DDDDDddddd,EEEEEeeeee,FFFFFfffff
13,John,30,AAAAAaaaaa,BBBBBbbbbb,CCCCCccccc,DDDDDddddd,EEEEEeeeee,FFFFFfffff
14,John,25,AAAAAaaaaa,BBBBBbbbbb,CCCCCccccc,DDDDDddddd,EEEEEeeeee,FFFFFfffff
15,John,30,AAAAAaaaaa,BBBBBbbbbb,CCCCCccccc,DDDDDddddd,EEEEEeeeee,FFFFFfffff
16,John,25,AAAAAaaaaa,BBBBBbbbbb,CCCCCccccc,DDDDDddddd,EEEEEeeeee,FFFFFfffff
17,John,30,AAAAAaaaaa,BBBBBbbbbb,CCCCCccccc,DDDDDddddd,EEEEEeeeee,FFFFFfffff
18,John,25,AAAAAaaaaa,BBBBBbbbbb,CCCCCccccc,DDDDDddddd,EEEEEeeeee,FFFFFfffff
19,John,30,AAAAAaaaaa,BBBBBbbbbb,CCCCCccccc,DDDDDddddd,EEEEEeeeee,FFFFFfffff
20,John,25,AAAAAaaaaa,BBBBBbbbbb,CCCCCccccc,DDDDDddddd,EEEEEeeeee,FFFFFfffff
21,John,25,AAAAAaaaaa,BBBBBbbbbb,CCCCCccccc,DDDDDddddd,EEEEEeeeee,FFFFFfffff
22,John,30,AAAAAaaaaa,BBBBBbbbbb,CCCCCccccc,DDDDDddddd,EEEEEeeeee,FFFFFfffff
23,John,25,AAAAAaaaaa,BBBBBbbbbb,CCCCCccccc,DDDDDddddd,EEEEEeeeee,FFFFFfffff
24,John,30,AAAAAaaaaa,BBBBBbbbbb,CCCCCccccc,DDDDDddddd,EEEEEeeeee,FFFFFfffff
25,John,25,AAAAAaaaaa,BBBBBbbbbb,CCCCCccccc,DDDDDddddd,EEEEEeeeee,FFFFFfffff
26,John,30,AAAAAaaaaa,BBBBBbbbbb,CCCCCccccc,DDDDDddddd,EEEEEeeeee,FFFFFfffff
27,John,25,AAAAAaaaaa,BBBBBbbbbb,CCCCCccccc,DDDDDddddd,EEEEEeeeee,FFFFFfffff
28,John,30,AAAAAaaaaa,BBBBBbbbbb,CCCCCccccc,DDDDDddddd,EEEEEeeeee,FFFFFfffff
29,John,25,AAAAAaaaaa,BBBBBbbbbb,CCCCCccccc,DDDDDddddd,EEEEEeeeee,FFFFFfffff
30,John,30,AAAAAaaaaa,BBBBBbbbbb,CCCCCccccc,DDDDDddddd,EEEEEeeeee,FFFFFfffff
31,John,25,AAAAAaaaaa,BBBBBbbbbb,CCCCCccccc,DDDDDddddd,EEEEEeeeee,FFFFFfffff
32,John,25,AAAAAaaaaa,BBBBBbbbbb,CCCCCccccc,DDDDDddddd,EEEEEeeeee,FFFFFfffff
33,John,30,AAAAAaaaaa,BBBBBbbbbb,CCCCCccccc,DDDDDddddd,EEEEEeeeee,FFFFFfffff
34,John,25,AAAAAaaaaa,BBBBBbbbbb,CCCCCccccc,DDDDDddddd,EEEEEeeeee,FFFFFfffff
35,John,30,AAAAAaaaaa,BBBBBbbbbb,CCCCCccccc,DDDDDddddd,EEEEEeeeee,FFFFFfffff
36,John,25,AAAAAaaaaa,BBBBBbbbbb,CCCCCccccc,DDDDDddddd,EEEEEeeeee,FFFFFfffff
37,John,30,AAAAAaaaaa,BBBBBbbbbb,CCCCCccccc,DDDDDddddd,EEEEEeeeee,FFFFFfffff
38,John,25,AAAAAaaaaa,BBBBBbbbbb,CCCCCccccc,DDDDDddddd,EEEEEeeeee,FFFFFfffff
1,Peter,30,AAAAAaaaaa,BBBBBbbbbb,CCCCCccccc,DDDDDddddd,EEEEEeeeee,FFFFFfffff
2,Peter,25,AAAAAaaaaa,BBBBBbbbbb,CCCCCccccc,DDDDDddddd,EEEEEeeeee,FFFFFfffff
3,Peter,30,AAAAAaaaaa,BBBBBbbbbb,CCCCCccccc,DDDDDddddd,EEEEEeeeee,FFFFFfffff
4,Peter,25,AAAAAaaaaa,BBBBBbbbbb,CCCCCccccc,DDDDDddddd,EEEEEeeeee,FFFFFfffff
5,Peter,30,AAAAAaaaaa,BBBBBbbbbb,CCCCCccccc,DDDDDddddd,EEEEEeeeee,FFFFFfffff
6,Peter,25,AAAAAaaaaa,BBBBBbbbbb,CCCCCccccc,DDDDDddddd,EEEEEeeeee,FFFFFfffff
7,Peter,30,AAAAAaaaaa,BBBBBbbbbb,CCCCCccccc,DDDDDddddd,EEEEEeeeee,FFFFFfffff
8,Peter,25,AAAAAaaaaa,BBBBBbbbbb,CCCCCccccc,DDDDDddddd,EEEEEeeeee,FFFFFfffff
9,Peter,30,AAAAAaaaaa,BBBBBbbbbb,CCCCCccccc,DDDDDddddd,EEEEEeeeee,FFFFFfffff
10,Peter,25,AAAAAaaaaa,BBBBBbbbbb,CCCCCccccc,DDDDDddddd,EEEEEeeeee,FFFFFfffff
11,Peter,30,AAAAAaaaaa,BBBBBbbbbb,CCCCCccccc,DDDDDddddd,EEEEEeeeee,FFFFFfffff
12,Peter,25,AAAAAaaaaa,BBBBBbbbbb,CCCCCccccc,DDDDDddddd,EEEEEeeeee,FFFFFfffff
13,Peter,30,AAAAAaaaaa,BBBBBbbbbb,CCCCCccccc,DDDDDddddd,EEEEEeeeee,FFFFFfffff
14,Peter,25,AAAAAaaaaa,BBBBBbbbbb,CCCCCccccc,DDDDDddddd,EEEEEeeeee,FFFFFfffff
15,Peter,30,AAAAAaaaaa,BBBBBbbbbb,CCCCCccccc,DDDDDddddd,EEEEEeeeee,FFFFFfffff
16,Peter,25,AAAAAaaaaa,BBBBBbbbbb,CCCCCccccc,DDDDDddddd,EEEEEeeeee,FFFFFfffff
17,Peter,30,AAAAAaaaaa,BBBBBbbbbb,CCCCCccccc,DDDDDddddd,EEEEEeeeee,FFFFFfffff
18,Peter,25,AAAAAaaaaa,BBBBBbbbbb,CCCCCccccc,DDDDDddddd,EEEEEeeeee,FFFFFfffff
19,Peter,30,AAAAAaaaaa,BBBBBbbbbb,CCCCCccccc,DDDDDddddd,EEEEEeeeee,FFFFFfffff
20,Peter,25,AAAAAaaaaa,BBBBBbbbbb,CCCCCccccc,DDDDDddddd,EEEEEeeeee,FFFFFfffff
21,Peter,25,AAAAAaaaaa,BBBBBbbbbb,CCCCCccccc,DDDDDddddd,EEEEEeeeee,FFFFFfffff
22,Peter,30,AAAAAaaaaa,BBBBBbbbbb,CCCCCccccc,DDDDDddddd,EEEEEeeeee,FFFFFfffff
23,Peter,25,AAAAAaaaaa,BBBBBbbbbb,CCCCCccccc,DDDDDddddd,EEEEEeeeee,FFFFFfffff
24,Peter,30,AAAAAaaaaa,BBBBBbbbbb,CCCCCccccc,DDDDDddddd,EEEEEeeeee,FFFFFfffff
25,Peter,25,AAAAAaaaaa,BBBBBbbbbb,CCCCCccccc,DDDDDddddd,EEEEEeeeee,FFFFFfffff
26,Peter,30,AAAAAaaaaa,BBBBBbbbbb,CCCCCccccc,DDDDDddddd,EEEEEeeeee,FFFFFfffff
27,Peter,25,AAAAAaaaaa,BBBBBbbbbb,CCCCCccccc,DDDDDddddd,EEEEEeeeee,FFFFFfffff
28,Peter,30,AAAAAaaaaa,BBBBBbbbbb,CCCCCccccc,DDDDDddddd,EEEEEeeeee,FFFFFfffff
29,Peter,25,AAAAAaaaaa,BBBBBbbbbb,CCCCCccccc,DDDDDddddd,EEEEEeeeee,FFFFFfffff
30,Peter,30,AAAAAaaaaa,BBBBBbbbbb,CCCCCccccc,DDDDDddddd,EEEEEeeeee,FFFFFfffff
31,Peter,25,AAAAAaaaaa,BBBBBbbbbb,CCCCCccccc,DDDDDddddd,EEEEEeeeee,FFFFFfffff
32,Peter,25,AAAAAaaaaa,BBBBBbbbbb,CCCCCccccc,DDDDDddddd,EEEEEeeeee,FFFFFfffff
33,Peter,30,AAAAAaaaaa,BBBBBbbbbb,CCCCCccccc,DDDDDddddd,EEEEEeeeee,FFFFFfffff
34,Peter,25,AAAAAaaaaa,BBBBBbbbbb,CCCCCccccc,DDDDDddddd,EEEEEeeeee,FFFFFfffff
35,Peter,30,AAAAAaaaaa,BBBBBbbbbb,CCCCCccccc,DDDDDddddd,EEEEEeeeee,FFFFFfffff
36,Peter,25,AAAAAaaaaa,BBBBBbbbbb,CCCCCccccc,DDDDDddddd,EEEEEeeeee,FFFFFfffff
37,Peter,30,AAAAAaaaaa,BBBBBbbbbb,CCCCCccccc,DDDDDddddd,EEEEEeeeee,FFFFFfffff
38,Peter,25,AAAAAaaaaa,BBBBBbbbbb,CCCCCccccc,DDDDDddddd,EEEEEeeeee,FFFFFfffff
1,Tan2,30,AAAAAaaaaa,BBBBBbbbbb,CCCCCccccc,DDDDDddddd,EEEEEeeeee,FFFFFfffff
2,Tan2,25,AAAAAaaaaa,BBBBBbbbbb,CCCCCccccc,DDDDDddddd,EEEEEeeeee,FFFFFfffff
3,Tan2,30,AAAAAaaaaa,BBBBBbbbbb,CCCCCccccc,DDDDDddddd,EEEEEeeeee,FFFFFfffff
4,Tan2,25,AAAAAaaaaa,BBBBBbbbbb,CCCCCccccc,DDDDDddddd,EEEEEeeeee,FFFFFfffff
5,Tan2,30,AAAAAaaaaa,BBBBBbbbbb,CCCCCccccc,DDDDDddddd,EEEEEeeeee,FFFFFfffff
6,Tan2,25,AAAAAaaaaa,BBBBBbbbbb,CCCCCccccc,DDDDDddddd,EEEEEeeeee,FFFFFfffff
7,Tan2,30,AAAAAaaaaa,BBBBBbbbbb,CCCCCccccc,DDDDDddddd,EEEEEeeeee,FFFFFfffff
8,Tan2,25,AAAAAaaaaa,BBBBBbbbbb,CCCCCccccc,DDDDDddddd,EEEEEeeeee,FFFFFfffff
9,Tan2,30,AAAAAaaaaa,BBBBBbbbbb,CCCCCccccc,DDDDDddddd,EEEEEeeeee,FFFFFfffff
10,Tan2,25,AAAAAaaaaa,BBBBBbbbbb,CCCCCccccc,DDDDDddddd,EEEEEeeeee,FFFFFfffff
1,Anna2,30,AAAAAaaaaa,BBBBBbbbbb,CCCCCccccc,DDDDDddddd,EEEEEeeeee,FFFFFfffff
2,Anna2,25,AAAAAaaaaa,BBBBBbbbbb,CCCCCccccc,DDDDDddddd,EEEEEeeeee,FFFFFfffff
3,Anna2,30,AAAAAaaaaa,BBBBBbbbbb,CCCCCccccc,DDDDDddddd,EEEEEeeeee,FFFFFfffff
4,Anna2,25,AAAAAaaaaa,BBBBBbbbbb,CCCCCccccc,DDDDDddddd,EEEEEeeeee,FFFFFfffff
5,Anna2,30,AAAAAaaaaa,BBBBBbbbbb,CCCCCccccc,DDDDDddddd,EEEEEeeeee,FFFFFfffff
6,Anna2,25,AAAAAaaaaa,BBBBBbbbbb,CCCCCccccc,DDDDDddddd,EEEEEeeeee,FFFFFfffff
7,Anna2,30,AAAAAaaaaa,BBBBBbbbbb,CCCCCccccc,DDDDDddddd,EEEEEeeeee,FFFFFfffff
8,Anna2,25,AAAAAaaaaa,BBBBBbbbbb,CCCCCccccc,DDDDDddddd,EEEEEeeeee,FFFFFfffff
9,Anna2,30,AAAAAaaaaa,BBBBBbbbbb,CCCCCccccc,DDDDDddddd,EEEEEeeeee,FFFFFfffff
10,Anna2,25,AAAAAaaaaa,BBBBBbbbbb,CCCCCccccc,DDDDDddddd,EEEEEeeeee,FFFFFfffff
1,Beta2,30,AAAAAaaaaa,BBBBBbbbbb,CCCCCccccc,DDDDDddddd,EEEEEeeeee,FFFFFfffff
2,Beta2,25,AAAAAaaaaa,BBBBBbbbbb,CCCCCccccc,DDDDDddddd,EEEEEeeeee,FFFFFfffff
3,Beta2,30,AAAAAaaaaa,BBBBBbbbbb,CCCCCccccc,DDDDDddddd,EEEEEeeeee,FFFFFfffff
4,Beta2,25,AAAAAaaaaa,BBBBBbbbbb,CCCCCccccc,DDDDDddddd,EEEEEeeeee,FFFFFfffff
5,Beta2,30,AAAAAaaaaa,BBBBBbbbbb,CCCCCccccc,DDDDDddddd,EEEEEeeeee,FFFFFfffff
6,Beta2,25,AAAAAaaaaa,BBBBBbbbbb,CCCCCccccc,DDDDDddddd,EEEEEeeeee,FFFFFfffff
7,Beta2,30,AAAAAaaaaa,BBBBBbbbbb,CCCCCccccc,DDDDDddddd,EEEEEeeeee,FFFFFfffff
8,Beta2,25,AAAAAaaaaa,BBBBBbbbbb,CCCCCccccc,DDDDDddddd,EEEEEeeeee,FFFFFfffff
9,Beta2,30,AAAAAaaaaa,BBBBBbbbbb,CCCCCccccc,DDDDDddddd,EEEEEeeeee,FFFFFfffff
10,Beta2,25,AAAAAaaaaa,BBBBBbbbbb,CCCCCccccc,DDDDDddddd,EEEEEeeeee,FFFFFfffff
1,Gama2,30,AAAAAaaaaa,BBBBBbbbbb,CCCCCccccc,DDDDDddddd,EEEEEeeeee,FFFFFfffff
2,Gama2,25,AAAAAaaaaa,BBBBBbbbbb,CCCCCccccc,DDDDDddddd,EEEEEeeeee,FFFFFfffff
3,Gama2,30,AAAAAaaaaa,BBBBBbbbbb,CCCCCccccc,DDDDDddddd,EEEEEeeeee,FFFFFfffff
4,Gama2,25,AAAAAaaaaa,BBBBBbbbbb,CCCCCccccc,DDDDDddddd,EEEEEeeeee,FFFFFfffff
5,Gama2,30,AAAAAaaaaa,BBBBBbbbbb,CCCCCccccc,DDDDDddddd,EEEEEeeeee,FFFFFfffff
6,Gama2,25,AAAAAaaaaa,BBBBBbbbbb,CCCCCccccc,DDDDDddddd,EEEEEeeeee,FFFFFfffff
7,Gama2,30,AAAAAaaaaa,BBBBBbbbbb,CCCCCccccc,DDDDDddddd,EEEEEeeeee,FFFFFfffff
8,Gama2,25,AAAAAaaaaa,BBBBBbbbbb,CCCCCccccc,DDDDDddddd,EEEEEeeeee,FFFFFfffff
9,Gama2,30,AAAAAaaaaa,BBBBBbbbbb,CCCCCccccc,DDDDDddddd,EEEEEeeeee,FFFFFfffff
10,Gama2,25,AAAAAaaaaa,BBBBBbbbbb,CCCCCccccc,DDDDDddddd,EEEEEeeeee,FFFFFfffff
11,Gama2,30,AAAAAaaaaa,BBBBBbbbbb,CCCCCccccc,DDDDDddddd,EEEEEeeeee,FFFFFfffff
12,Gama2,25,AAAAAaaaaa,BBBBBbbbbb,CCCCCccccc,DDDDDddddd,EEEEEeeeee,FFFFFfffff
13,Gama2,30,AAAAAaaaaa,BBBBBbbbbb,CCCCCccccc,DDDDDddddd,EEEEEeeeee,FFFFFfffff
14,Gama2,25,AAAAAaaaaa,BBBBBbbbbb,CCCCCccccc,DDDDDddddd,EEEEEeeeee,FFFFFfffff
15,Gama2,30,AAAAAaaaaa,BBBBBbbbbb,CCCCCccccc,DDDDDddddd,EEEEEeeeee,FFFFFfffff
16,Gama2,25,AAAAAaaaaa,BBBBBbbbbb,CCCCCccccc,DDDDDddddd,EEEEEeeeee,FFFFFfffff
17,Gama2,30,AAAAAaaaaa,BBBBBbbbbb,CCCCCccccc,DDDDDddddd,EEEEEeeeee,FFFFFfffff
18,Gama2,25,AAAAAaaaaa,BBBBBbbbbb,CCCCCccccc,DDDDDddddd,EEEEEeeeee,FFFFFfffff
19,Gama2,30,AAAAAaaaaa,BBBBBbbbbb,CCCCCccccc,DDDDDddddd,EEEEEeeeee,FFFFFfffff
20,Gama2,25,AAAAAaaaaa,BBBBBbbbbb,CCCCCccccc,DDDDDddddd,EEEEEeeeee,FFFFFfffff
1,Sigma2,30,AAAAAaaaaa,BBBBBbbbbb,CCCCCccccc,DDDDDddddd,EEEEEeeeee,FFFFFfffff
2,Sigma2,25,AAAAAaaaaa,BBBBBbbbbb,CCCCCccccc,DDDDDddddd,EEEEEeeeee,FFFFFfffff
3,Sigma2,30,AAAAAaaaaa,BBBBBbbbbb,CCCCCccccc,DDDDDddddd,EEEEEeeeee,FFFFFfffff
4,Sigma2,25,AAAAAaaaaa,BBBBBbbbbb,CCCCCccccc,DDDDDddddd,EEEEEeeeee,FFFFFfffff
5,Sigma2,30,AAAAAaaaaa,BBBBBbbbbb,CCCCCccccc,DDDDDddddd,EEEEEeeeee,FFFFFfffff
6,Sigma2,25,AAAAAaaaaa,BBBBBbbbbb,CCCCCccccc,DDDDDddddd,EEEEEeeeee,FFFFFfffff
7,Sigma2,30,AAAAAaaaaa,BBBBBbbbbb,CCCCCccccc,DDDDDddddd,EEEEEeeeee,FFFFFfffff
8,Sigma2,25,AAAAAaaaaa,BBBBBbbbbb,CCCCCccccc,DDDDDddddd,EEEEEeeeee,FFFFFfffff
9,Sigma2,30,AAAAAaaaaa,BBBBBbbbbb,CCCCCccccc,DDDDDddddd,EEEEEeeeee,FFFFFfffff
10,Sigma2,25,AAAAAaaaaa,BBBBBbbbbb,CCCCCccccc,DDDDDddddd,EEEEEeeeee,FFFFFfffff
11,Sigma2,30,AAAAAaaaaa,BBBBBbbbbb,CCCCCccccc,DDDDDddddd,EEEEEeeeee,FFFFFfffff
12,Sigma2,25,AAAAAaaaaa,BBBBBbbbbb,CCCCCccccc,DDDDDddddd,EEEEEeeeee,FFFFFfffff
13,Sigma2,30,AAAAAaaaaa,BBBBBbbbbb,CCCCCccccc,DDDDDddddd,EEEEEeeeee,FFFFFfffff
14,Sigma2,25,AAAAAaaaaa,BBBBBbbbbb,CCCCCccccc,DDDDDddddd,EEEEEeeeee,FFFFFfffff
15,Sigma2,30,AAAAAaaaaa,BBBBBbbbbb,CCCCCccccc,DDDDDddddd,EEEEEeeeee,FFFFFfffff
16,Sigma2,25,AAAAAaaaaa,BBBBBbbbbb,CCCCCccccc,DDDDDddddd,EEEEEeeeee,FFFFFfffff
17,Sigma2,30,AAAAAaaaaa,BBBBBbbbbb,CCCCCccccc,DDDDDddddd,EEEEEeeeee,FFFFFfffff
18,Sigma2,25,AAAAAaaaaa,BBBBBbbbbb,CCCCCccccc,DDDDDddddd,EEEEEeeeee,FFFFFfffff
19,Sigma2,30,AAAAAaaaaa,BBBBBbbbbb,CCCCCccccc,DDDDDddddd,EEEEEeeeee,FFFFFfffff
20,Sigma2,25,AAAAAaaaaa,BBBBBbbbbb,CCCCCccccc,DDDDDddddd,EEEEEeeeee,FFFFFfffff
21,Sigma2,25,AAAAAaaaaa,BBBBBbbbbb,CCCCCccccc,DDDDDddddd,EEEEEeeeee,FFFFFfffff
22,Sigma2,30,AAAAAaaaaa,BBBBBbbbbb,CCCCCccccc,DDDDDddddd,EEEEEeeeee,FFFFFfffff
23,Sigma2,25,AAAAAaaaaa,BBBBBbbbbb,CCCCCccccc,DDDDDddddd,EEEEEeeeee,FFFFFfffff
24,Sigma2,30,AAAAAaaaaa,BBBBBbbbbb,CCCCCccccc,DDDDDddddd,EEEEEeeeee,FFFFFfffff
25,Sigma2,25,AAAAAaaaaa,BBBBBbbbbb,CCCCCccccc,DDDDDddddd,EEEEEeeeee,FFFFFfffff
26,Sigma2,30,AAAAAaaaaa,BBBBBbbbbb,CCCCCccccc,DDDDDddddd,EEEEEeeeee,FFFFFfffff
27,Sigma2,25,AAAAAaaaaa,BBBBBbbbbb,CCCCCccccc,DDDDDddddd,EEEEEeeeee,FFFFFfffff
28,Sigma2,30,AAAAAaaaaa,BBBBBbbbbb,CCCCCccccc,DDDDDddddd,EEEEEeeeee,FFFFFfffff
29,Sigma2,25,AAAAAaaaaa,BBBBBbbbbb,CCCCCccccc,DDDDDddddd,EEEEEeeeee,FFFFFfffff
30,Sigma2,30,AAAAAaaaaa,BBBBBbbbbb,CCCCCccccc,DDDDDddddd,EEEEEeeeee,FFFFFfffff
31,Sigma2,25,AAAAAaaaaa,BBBBBbbbbb,CCCCCccccc,DDDDDddddd,EEEEEeeeee,FFFFFfffff
32,Sigma2,25,AAAAAaaaaa,BBBBBbbbbb,CCCCCccccc,DDDDDddddd,EEEEEeeeee,FFFFFfffff
33,Sigma2,30,AAAAAaaaaa,BBBBBbbbbb,CCCCCccccc,DDDDDddddd,EEEEEeeeee,FFFFFfffff
34,Sigma2,25,AAAAAaaaaa,BBBBBbbbbb,CCCCCccccc,DDDDDddddd,EEEEEeeeee,FFFFFfffff
35,Sigma2,30,AAAAAaaaaa,BBBBBbbbbb,CCCCCccccc,DDDDDddddd,EEEEEeeeee,FFFFFfffff
36,Sigma2,25,AAAAAaaaaa,BBBBBbbbbb,CCCCCccccc,DDDDDddddd,EEEEEeeeee,FFFFFfffff
37,Sigma2,30,AAAAAaaaaa,BBBBBbbbbb,CCCCCccccc,DDDDDddddd,EEEEEeeeee,FFFFFfffff
38,Sigma2,25,AAAAAaaaaa,BBBBBbbbbb,CCCCCccccc,DDDDDddddd,EEEEEeeeee,FFFFFfffff
1,Duma2,30,AAAAAaaaaa,BBBBBbbbbb,CCCCCccccc,DDDDDddddd,EEEEEeeeee,FFFFFfffff
2,Duma2,25,AAAAAaaaaa,BBBBBbbbbb,CCCCCccccc,DDDDDddddd,EEEEEeeeee,FFFFFfffff
3,Duma2,30,AAAAAaaaaa,BBBBBbbbbb,CCCCCccccc,DDDDDddddd,EEEEEeeeee,FFFFFfffff
4,Duma2,25,AAAAAaaaaa,BBBBBbbbbb,CCCCCccccc,DDDDDddddd,EEEEEeeeee,FFFFFfffff
5,Duma2,30,AAAAAaaaaa,BBBBBbbbbb,CCCCCccccc,DDDDDddddd,EEEEEeeeee,FFFFFfffff
6,Duma2,25,AAAAAaaaaa,BBBBBbbbbb,CCCCCccccc,DDDDDddddd,EEEEEeeeee,FFFFFfffff
7,Duma2,30,AAAAAaaaaa,BBBBBbbbbb,CCCCCccccc,DDDDDddddd,EEEEEeeeee,FFFFFfffff
8,Duma2,25,AAAAAaaaaa,BBBBBbbbbb,CCCCCccccc,DDDDDddddd,EEEEEeeeee,FFFFFfffff
9,Duma2,30,AAAAAaaaaa,BBBBBbbbbb,CCCCCccccc,DDDDDddddd,EEEEEeeeee,FFFFFfffff
10,Duma2,25,AAAAAaaaaa,BBBBBbbbbb,CCCCCccccc,DDDDDddddd,EEEEEeeeee,FFFFFfffff
11,Duma2,30,AAAAAaaaaa,BBBBBbbbbb,CCCCCccccc,DDDDDddddd,EEEEEeeeee,FFFFFfffff
12,Duma2,25,AAAAAaaaaa,BBBBBbbbbb,CCCCCccccc,DDDDDddddd,EEEEEeeeee,FFFFFfffff
13,Duma2,30,AAAAAaaaaa,BBBBBbbbbb,CCCCCccccc,DDDDDddddd,EEEEEeeeee,FFFFFfffff
14,Duma2,25,AAAAAaaaaa,BBBBBbbbbb,CCCCCccccc,DDDDDddddd,EEEEEeeeee,FFFFFfffff
15,Duma2,30,AAAAAaaaaa,BBBBBbbbbb,CCCCCccccc,DDDDDddddd,EEEEEeeeee,FFFFFfffff
16,Duma2,25,AAAAAaaaaa,BBBBBbbbbb,CCCCCccccc,DDDDDddddd,EEEEEeeeee,FFFFFfffff
17,Duma2,30,AAAAAaaaaa,BBBBBbbbbb,CCCCCccccc,DDDDDddddd,EEEEEeeeee,FFFFFfffff
18,Duma2,25,AAAAAaaaaa,BBBBBbbbbb,CCCCCccccc,DDDDDddddd,EEEEEeeeee,FFFFFfffff
19,Duma2,30,AAAAAaaaaa,BBBBBbbbbb,CCCCCccccc,DDDDDddddd,EEEEEeeeee,FFFFFfffff
20,Duma2,25,AAAAAaaaaa,BBBBBbbbbb,CCCCCccccc,DDDDDddddd,EEEEEeeeee,FFFFFfffff
21,Duma2,25,AAAAAaaaaa,BBBBBbbbbb,CCCCCccccc,DDDDDddddd,EEEEEeeeee,FFFFFfffff
22,Duma2,30,AAAAAaaaaa,BBBBBbbbbb,CCCCCccccc,DDDDDddddd,EEEEEeeeee,FFFFFfffff
23,Duma2,25,AAAAAaaaaa,BBBBBbbbbb,CCCCCccccc,DDDDDddddd,EEEEEeeeee,FFFFFfffff
24,Duma2,30,AAAAAaaaaa,BBBBBbbbbb,CCCCCccccc,DDDDDddddd,EEEEEeeeee,FFFFFfffff
25,Duma2,25,AAAAAaaaaa,BBBBBbbbbb,CCCCCccccc,DDDDDddddd,EEEEEeeeee,FFFFFfffff
26,Duma2,30,AAAAAaaaaa,BBBBBbbbbb,CCCCCccccc,DDDDDddddd,EEEEEeeeee,FFFFFfffff
27,Duma2,25,AAAAAaaaaa,BBBBBbbbbb,CCCCCccccc,DDDDDddddd,EEEEEeeeee,FFFFFfffff
28,Duma2,30,AAAAAaaaaa,BBBBBbbbbb,CCCCCccccc,DDDDDddddd,EEEEEeeeee,FFFFFfffff
29,Duma2,25,AAAAAaaaaa,BBBBBbbbbb,CCCCCccccc,DDDDDddddd,EEEEEeeeee,FFFFFfffff
30,Duma2,30,AAAAAaaaaa,BBBBBbbbbb,CCCCCccccc,DDDDDddddd,EEEEEeeeee,FFFFFfffff
31,Duma2,25,AAAAAaaaaa,BBBBBbbbbb,CCCCCccccc,DDDDDddddd,EEEEEeeeee,FFFFFfffff
32,Duma2,25,AAAAAaaaaa,BBBBBbbbbb,CCCCCccccc,DDDDDddddd,EEEEEeeeee,FFFFFfffff
33,Duma2,30,AAAAAaaaaa,BBBBBbbbbb,CCCCCccccc,DDDDDddddd,EEEEEeeeee,FFFFFfffff
34,Duma2,25,AAAAAaaaaa,BBBBBbbbbb,CCCCCccccc,DDDDDddddd,EEEEEeeeee,FFFFFfffff
35,Duma2,30,AAAAAaaaaa,BBBBBbbbbb,CCCCCccccc,DDDDDddddd,EEEEEeeeee,FFFFFfffff
36,Duma2,25,AAAAAaaaaa,BBBBBbbbbb,CCCCCccccc,DDDDDddddd,EEEEEeeeee,FFFFFfffff
37,Duma2,30,AAAAAaaaaa,BBBBBbbbbb,CCCCCccccc,DDDDDddddd,EEEEEeeeee,FFFFFfffff
38,Duma2,25,AAAAAaaaaa,BBBBBbbbbb,CCCCCccccc,DDDDDddddd,EEEEEeeeee,FFFFFfffff
1,Suma2,30,AAAAAaaaaa,BBBBBbbbbb,CCCCCccccc,DDDDDddddd,EEEEEeeeee,FFFFFfffff
2,Suma2,25,AAAAAaaaaa,BBBBBbbbbb,CCCCCccccc,DDDDDddddd,EEEEEeeeee,FFFFFfffff
3,Suma2,30,AAAAAaaaaa,BBBBBbbbbb,CCCCCccccc,DDDDDddddd,EEEEEeeeee,FFFFFfffff
4,Suma2,25,AAAAAaaaaa,BBBBBbbbbb,CCCCCccccc,DDDDDddddd,EEEEEeeeee,FFFFFfffff
5,Suma2,30,AAAAAaaaaa,BBBBBbbbbb,CCCCCccccc,DDDDDddddd,EEEEEeeeee,FFFFFfffff
6,Suma2,25,AAAAAaaaaa,BBBBBbbbbb,CCCCCccccc,DDDDDddddd,EEEEEeeeee,FFFFFfffff
7,Suma2,30,AAAAAaaaaa,BBBBBbbbbb,CCCCCccccc,DDDDDddddd,EEEEEeeeee,FFFFFfffff
8,Suma2,25,AAAAAaaaaa,BBBBBbbbbb,CCCCCccccc,DDDDDddddd,EEEEEeeeee,FFFFFfffff
9,Suma2,30,AAAAAaaaaa,BBBBBbbbbb,CCCCCccccc,DDDDDddddd,EEEEEeeeee,FFFFFfffff
10,Suma2,25,AAAAAaaaaa,BBBBBbbbbb,CCCCCccccc,DDDDDddddd,EEEEEeeeee,FFFFFfffff
11,Suma2,30,AAAAAaaaaa,BBBBBbbbbb,CCCCCccccc,DDDDDddddd,EEEEEeeeee,FFFFFfffff
12,Suma2,25,AAAAAaaaaa,BBBBBbbbbb,CCCCCccccc,DDDDDddddd,EEEEEeeeee,FFFFFfffff
13,Suma2,30,AAAAAaaaaa,BBBBBbbbbb,CCCCCccccc,DDDDDddddd,EEEEEeeeee,FFFFFfffff
14,Suma2,25,AAAAAaaaaa,BBBBBbbbbb,CCCCCccccc,DDDDDddddd,EEEEEeeeee,FFFFFfffff
15,Suma2,30,AAAAAaaaaa,BBBBBbbbbb,CCCCCccccc,DDDDDddddd,EEEEEeeeee,FFFFFfffff
16,Suma2,25,AAAAAaaaaa,BBBBBbbbbb,CCCCCccccc,DDDDDddddd,EEEEEeeeee,FFFFFfffff
17,Suma2,30,AAAAAaaaaa,BBBBBbbbbb,CCCCCccccc,DDDDDddddd,EEEEEeeeee,FFFFFfffff
18,Suma2,25,AAAAAaaaaa,BBBBBbbbbb,CCCCCccccc,DDDDDddddd,EEEEEeeeee,FFFFFfffff
19,Suma2,30,AAAAAaaaaa,BBBBBbbbbb,CCCCCccccc,DDDDDddddd,EEEEEeeeee,FFFFFfffff
20,Suma2,25,AAAAAaaaaa,BBBBBbbbbb,CCCCCccccc,DDDDDddddd,EEEEEeeeee,FFFFFfffff
21,Suma2,25,AAAAAaaaaa,BBBBBbbbbb,CCCCCccccc,DDDDDddddd,EEEEEeeeee,FFFFFfffff
22,Suma2,30,AAAAAaaaaa,BBBBBbbbbb,CCCCCccccc,DDDDDddddd,EEEEEeeeee,FFFFFfffff
23,Suma2,25,AAAAAaaaaa,BBBBBbbbbb,CCCCCccccc,DDDDDddddd,EEEEEeeeee,FFFFFfffff
24,Suma2,30,AAAAAaaaaa,BBBBBbbbbb,CCCCCccccc,DDDDDddddd,EEEEEeeeee,FFFFFfffff
25,Suma2,25,AAAAAaaaaa,BBBBBbbbbb,CCCCCccccc,DDDDDddddd,EEEEEeeeee,FFFFFfffff
26,Suma2,30,AAAAAaaaaa,BBBBBbbbbb,CCCCCccccc,DDDDDddddd,EEEEEeeeee,FFFFFfffff
27,Suma2,25,AAAAAaaaaa,BBBBBbbbbb,CCCCCccccc,DDDDDddddd,EEEEEeeeee,FFFFFfffff
28,Suma2,30,AAAAAaaaaa,BBBBBbbbbb,CCCCCccccc,DDDDDddddd,EEEEEeeeee,FFFFFfffff
29,Suma2,25,AAAAAaaaaa,BBBBBbbbbb,CCCCCccccc,DDDDDddddd,EEEEEeeeee,FFFFFfffff
30,Suma2,30,AAAAAaaaaa,BBBBBbbbbb,CCCCCccccc,DDDDDddddd,EEEEEeeeee,FFFFFfffff
31,Suma2,25,AAAAAaaaaa,BBBBBbbbbb,CCCCCccccc,DDDDDddddd,EEEEEeeeee,FFFFFfffff
32,Suma2,25,AAAAAaaaaa,BBBBBbbbbb,CCCCCccccc,DDDDDddddd,EEEEEeeeee,FFFFFfffff
33,Suma2,30,AAAAAaaaaa,BBBBBbbbbb,CCCCCccccc,DDDDDddddd,EEEEEeeeee,FFFFFfffff
34,Suma2,25,AAAAAaaaaa,BBBBBbbbbb,CCCCCccccc,DDDDDddddd,EEEEEeeeee,FFFFFfffff
35,Suma2,30,AAAAAaaaaa,BBBBBbbbbb,CCCCCccccc,DDDDDddddd,EEEEEeeeee,FFFFFfffff
36,Suma2,25,AAAAAaaaaa,BBBBBbbbbb,CCCCCccccc,DDDDDddddd,EEEEEeeeee,FFFFFfffff
37,Suma2,30,AAAAAaaaaa,BBBBBbbbbb,CCCCCccccc,DDDDDddddd,EEEEEeeeee,FFFFFfffff
38,Suma2,25,AAAAAaaaaa,BBBBBbbbbb,CCCCCccccc,DDDDDddddd,EEEEEeeeee,FFFFFfffff
1,Jack2,30,AAAAAaaaaa,BBBBBbbbbb,CCCCCccccc,DDDDDddddd,EEEEEeeeee,FFFFFfffff
2,Jack2,25,AAAAAaaaaa,BBBBBbbbbb,CCCCCccccc,DDDDDddddd,EEEEEeeeee,FFFFFfffff
3,Jack2,30,AAAAAaaaaa,BBBBBbbbbb,CCCCCccccc,DDDDDddddd,EEEEEeeeee,FFFFFfffff
4,Jack2,25,AAAAAaaaaa,BBBBBbbbbb,CCCCCccccc,DDDDDddddd,EEEEEeeeee,FFFFFfffff
5,Jack2,30,AAAAAaaaaa,BBBBBbbbbb,CCCCCccccc,DDDDDddddd,EEEEEeeeee,FFFFFfffff
6,Jack2,25,AAAAAaaaaa,BBBBBbbbbb,CCCCCccccc,DDDDDddddd,EEEEEeeeee,FFFFFfffff
7,Jack2,30,AAAAAaaaaa,BBBBBbbbbb,CCCCCccccc,DDDDDddddd,EEEEEeeeee,FFFFFfffff
8,Jack2,25,AAAAAaaaaa,BBBBBbbbbb,CCCCCccccc,DDDDDddddd,EEEEEeeeee,FFFFFfffff
9,Jack2,30,AAAAAaaaaa,BBBBBbbbbb,CCCCCccccc,DDDDDddddd,EEEEEeeeee,FFFFFfffff
10,Jack2,25,AAAAAaaaaa,BBBBBbbbbb,CCCCCccccc,DDDDDddddd,EEEEEeeeee,FFFFFfffff
11,Jack2,30,AAAAAaaaaa,BBBBBbbbbb,CCCCCccccc,DDDDDddddd,EEEEEeeeee,FFFFFfffff
12,Jack2,25,AAAAAaaaaa,BBBBBbbbbb,CCCCCccccc,DDDDDddddd,EEEEEeeeee,FFFFFfffff
13,Jack2,30,AAAAAaaaaa,BBBBBbbbbb,CCCCCccccc,DDDDDddddd,EEEEEeeeee,FFFFFfffff
14,Jack2,25,AAAAAaaaaa,BBBBBbbbbb,CCCCCccccc,DDDDDddddd,EEEEEeeeee,FFFFFfffff
15,Jack2,30,AAAAAaaaaa,BBBBBbbbbb,CCCCCccccc,DDDDDddddd,EEEEEeeeee,FFFFFfffff
16,Jack2,25,AAAAAaaaaa,BBBBBbbbbb,CCCCCccccc,DDDDDddddd,EEEEEeeeee,FFFFFfffff
17,Jack2,30,AAAAAaaaaa,BBBBBbbbbb,CCCCCccccc,DDDDDddddd,EEEEEeeeee,FFFFFfffff
18,Jack2,25,AAAAAaaaaa,BBBBBbbbbb,CCCCCccccc,DDDDDddddd,EEEEEeeeee,FFFFFfffff
19,Jack2,30,AAAAAaaaaa,BBBBBbbbbb,CCCCCccccc,DDDDDddddd,EEEEEeeeee,FFFFFfffff
20,Jack2,25,AAAAAaaaaa,BBBBBbbbbb,CCCCCccccc,DDDDDddddd,EEEEEeeeee,FFFFFfffff
21,Jack2,25,AAAAAaaaaa,BBBBBbbbbb,CCCCCccccc,DDDDDddddd,EEEEEeeeee,FFFFFfffff
22,Jack2,30,AAAAAaaaaa,BBBBBbbbbb,CCCCCccccc,DDDDDddddd,EEEEEeeeee,FFFFFfffff
23,Jack2,25,AAAAAaaaaa,BBBBBbbbbb,CCCCCccccc,DDDDDddddd,EEEEEeeeee,FFFFFfffff
24,Jack2,30,AAAAAaaaaa,BBBBBbbbbb,CCCCCccccc,DDDDDddddd,EEEEEeeeee,FFFFFfffff
25,Jack2,25,AAAAAaaaaa,BBBBBbbbbb,CCCCCccccc,DDDDDddddd,EEEEEeeeee,FFFFFfffff
26,Jack2,30,AAAAAaaaaa,BBBBBbbbbb,CCCCCccccc,DDDDDddddd,EEEEEeeeee,FFFFFfffff
27,Jack2,25,AAAAAaaaaa,BBBBBbbbbb,CCCCCccccc,DDDDDddddd,EEEEEeeeee,FFFFFfffff
28,Jack2,30,AAAAAaaaaa,BBBBBbbbbb,CCCCCccccc,DDDDDddddd,EEEEEeeeee,FFFFFfffff
29,Jack2,25,AAAAAaaaaa,BBBBBbbbbb,CCCCCccccc,DDDDDddddd,EEEEEeeeee,FFFFFfffff
30,Jack2,30,AAAAAaaaaa,BBBBBbbbbb,CCCCCccccc,DDDDDddddd,EEEEEeeeee,FFFFFfffff
31,Jack2,25,AAAAAaaaaa,BBBBBbbbbb,CCCCCccccc,DDDDDddddd,EEEEEeeeee,FFFFFfffff
32,Jack2,25,AAAAAaaaaa,BBBBBbbbbb,CCCCCccccc,DDDDDddddd,EEEEEeeeee,FFFFFfffff
33,Jack2,30,AAAAAaaaaa,BBBBBbbbbb,CCCCCccccc,DDDDDddddd,EEEEEeeeee,FFFFFfffff
34,Jack2,25,AAAAAaaaaa,BBBBBbbbbb,CCCCCccccc,DDDDDddddd,EEEEEeeeee,FFFFFfffff
35,Jack2,30,AAAAAaaaaa,BBBBBbbbbb,CCCCCccccc,DDDDDddddd,EEEEEeeeee,FFFFFfffff
36,Jack2,25,AAAAAaaaaa,BBBBBbbbbb,CCCCCccccc,DDDDDddddd,EEEEEeeeee,FFFFFfffff
37,Jack2,30,AAAAAaaaaa,BBBBBbbbbb,CCCCCccccc,DDDDDddddd,EEEEEeeeee,FFFFFfffff
38,Jack2,25,AAAAAaaaaa,BBBBBbbbbb,CCCCCccccc,DDDDDddddd,EEEEEeeeee,FFFFFfffff
1,John2,30,AAAAAaaaaa,BBBBBbbbbb,CCCCCccccc,DDDDDddddd,EEEEEeeeee,FFFFFfffff
2,John2,25,AAAAAaaaaa,BBBBBbbbbb,CCCCCccccc,DDDDDddddd,EEEEEeeeee,FFFFFfffff
3,John2,30,AAAAAaaaaa,BBBBBbbbbb,CCCCCccccc,DDDDDddddd,EEEEEeeeee,FFFFFfffff
4,John2,25,AAAAAaaaaa,BBBBBbbbbb,CCCCCccccc,DDDDDddddd,EEEEEeeeee,FFFFFfffff
5,John2,30,AAAAAaaaaa,BBBBBbbbbb,CCCCCccccc,DDDDDddddd,EEEEEeeeee,FFFFFfffff
6,John2,25,AAAAAaaaaa,BBBBBbbbbb,CCCCCccccc,DDDDDddddd,EEEEEeeeee,FFFFFfffff
7,John2,30,AAAAAaaaaa,BBBBBbbbbb,CCCCCccccc,DDDDDddddd,EEEEEeeeee,FFFFFfffff
8,John2,25,AAAAAaaaaa,BBBBBbbbbb,CCCCCccccc,DDDDDddddd,EEEEEeeeee,FFFFFfffff
9,John2,30,AAAAAaaaaa,BBBBBbbbbb,CCCCCccccc,DDDDDddddd,EEEEEeeeee,FFFFFfffff
10,John2,25,AAAAAaaaaa,BBBBBbbbbb,CCCCCccccc,DDDDDddddd,EEEEEeeeee,FFFFFfffff
11,John2,30,AAAAAaaaaa,BBBBBbbbbb,CCCCCccccc,DDDDDddddd,EEEEEeeeee,FFFFFfffff
12,John2,25,AAAAAaaaaa,BBBBBbbbbb,CCCCCccccc,DDDDDddddd,EEEEEeeeee,FFFFFfffff
13,John2,30,AAAAAaaaaa,BBBBBbbbbb,CCCCCccccc,DDDDDddddd,EEEEEeeeee,FFFFFfffff
14,John2,25,AAAAAaaaaa,BBBBBbbbbb,CCCCCccccc,DDDDDddddd,EEEEEeeeee,FFFFFfffff
15,John2,30,AAAAAaaaaa,BBBBBbbbbb,CCCCCccccc,DDDDDddddd,EEEEEeeeee,FFFFFfffff
16,John2,25,AAAAAaaaaa,BBBBBbbbbb,CCCCCccccc,DDDDDddddd,EEEEEeeeee,FFFFFfffff
17,John2,30,AAAAAaaaaa,BBBBBbbbbb,CCCCCccccc,DDDDDddddd,EEEEEeeeee,FFFFFfffff
18,John2,25,AAAAAaaaaa,BBBBBbbbbb,CCCCCccccc,DDDDDddddd,EEEEEeeeee,FFFFFfffff
19,John2,30,AAAAAaaaaa,BBBBBbbbbb,CCCCCccccc,DDDDDddddd,EEEEEeeeee,FFFFFfffff
20,John2,25,AAAAAaaaaa,BBBBBbbbbb,CCCCCccccc,DDDDDddddd,EEEEEeeeee,FFFFFfffff
21,John2,25,AAAAAaaaaa,BBBBBbbbbb,CCCCCccccc,DDDDDddddd,EEEEEeeeee,FFFFFfffff
22,John2,30,AAAAAaaaaa,BBBBBbbbbb,CCCCCccccc,DDDDDddddd,EEEEEeeeee,FFFFFfffff
23,John2,25,AAAAAaaaaa,BBBBBbbbbb,CCCCCccccc,DDDDDddddd,EEEEEeeeee,FFFFFfffff
24,John2,30,AAAAAaaaaa,BBBBBbbbbb,CCCCCccccc,DDDDDddddd,EEEEEeeeee,FFFFFfffff
25,John2,25,AAAAAaaaaa,BBBBBbbbbb,CCCCCccccc,DDDDDddddd,EEEEEeeeee,FFFFFfffff
26,John2,30,AAAAAaaaaa,BBBBBbbbbb,CCCCCccccc,DDDDDddddd,EEEEEeeeee,FFFFFfffff
27,John2,25,AAAAAaaaaa,BBBBBbbbbb,CCCCCccccc,DDDDDddddd,EEEEEeeeee,FFFFFfffff
28,John2,30,AAAAAaaaaa,BBBBBbbbbb,CCCCCccccc,DDDDDddddd,EEEEEeeeee,FFFFFfffff
29,John2,25,AAAAAaaaaa,BBBBBbbbbb,CCCCCccccc,DDDDDddddd,EEEEEeeeee,FFFFFfffff
30,John2,30,AAAAAaaaaa,BBBBBbbbbb,CCCCCccccc,DDDDDddddd,EEEEEeeeee,FFFFFfffff
31,John2,25,AAAAAaaaaa,BBBBBbbbbb,CCCCCccccc,DDDDDddddd,EEEEEeeeee,FFFFFfffff
32,John2,25,AAAAAaaaaa,BBBBBbbbbb,CCCCCccccc,DDDDDddddd,EEEEEeeeee,FFFFFfffff
33,John2,30,AAAAAaaaaa,BBBBBbbbbb,CCCCCccccc,DDDDDddddd,EEEEEeeeee,FFFFFfffff
34,John2,25,AAAAAaaaaa,BBBBBbbbbb,CCCCCccccc,DDDDDddddd,EEEEEeeeee,FFFFFfffff
35,John2,30,AAAAAaaaaa,BBBBBbbbbb,CCCCCccccc,DDDDDddddd,EEEEEeeeee,FFFFFfffff
36,John2,25,AAAAAaaaaa,BBBBBbbbbb,CCCCCccccc,DDDDDddddd,EEEEEeeeee,FFFFFfffff
37,John2,30,AAAAAaaaaa,BBBBBbbbbb,CCCCCccccc,DDDDDddddd,EEEEEeeeee,FFFFFfffff
38,John2,25,AAAAAaaaaa,BBBBBbbbbb,CCCCCccccc,DDDDDddddd,EEEEEeeeee,FFFFFfffff
1,Peter2,30,AAAAAaaaaa,BBBBBbbbbb,CCCCCccccc,DDDDDddddd,EEEEEeeeee,FFFFFfffff
2,Peter2,25,AAAAAaaaaa,BBBBBbbbbb,CCCCCccccc,DDDDDddddd,EEEEEeeeee,FFFFFfffff
3,Peter2,30,AAAAAaaaaa,BBBBBbbbbb,CCCCCccccc,DDDDDddddd,EEEEEeeeee,FFFFFfffff
4,Peter2,25,AAAAAaaaaa,BBBBBbbbbb,CCCCCccccc,DDDDDddddd,EEEEEeeeee,FFFFFfffff
5,Peter2,30,AAAAAaaaaa,BBBBBbbbbb,CCCCCccccc,DDDDDddddd,EEEEEeeeee,FFFFFfffff
6,Peter2,25,AAAAAaaaaa,BBBBBbbbbb,CCCCCccccc,DDDDDddddd,EEEEEeeeee,FFFFFfffff
7,Peter2,30,AAAAAaaaaa,BBBBBbbbbb,CCCCCccccc,DDDDDddddd,EEEEEeeeee,FFFFFfffff
8,Peter2,25,AAAAAaaaaa,BBBBBbbbbb,CCCCCccccc,DDDDDddddd,EEEEEeeeee,FFFFFfffff
9,Peter2,30,AAAAAaaaaa,BBBBBbbbbb,CCCCCccccc,DDDDDddddd,EEEEEeeeee,FFFFFfffff
10,Peter2,25,AAAAAaaaaa,BBBBBbbbbb,CCCCCccccc,DDDDDddddd,EEEEEeeeee,FFFFFfffff
11,Peter2,30,AAAAAaaaaa,BBBBBbbbbb,CCCCCccccc,DDDDDddddd,EEEEEeeeee,FFFFFfffff
12,Peter2,25,AAAAAaaaaa,BBBBBbbbbb,CCCCCccccc,DDDDDddddd,EEEEEeeeee,FFFFFfffff
13,Peter2,30,AAAAAaaaaa,BBBBBbbbbb,CCCCCccccc,DDDDDddddd,EEEEEeeeee,FFFFFfffff
14,Peter2,25,AAAAAaaaaa,BBBBBbbbbb,CCCCCccccc,DDDDDddddd,EEEEEeeeee,FFFFFfffff
15,Peter2,30,AAAAAaaaaa,BBBBBbbbbb,CCCCCccccc,DDDDDddddd,EEEEEeeeee,FFFFFfffff
16,Peter2,25,AAAAAaaaaa,BBBBBbbbbb,CCCCCccccc,DDDDDddddd,EEEEEeeeee,FFFFFfffff
17,Peter2,30,AAAAAaaaaa,BBBBBbbbbb,CCCCCccccc,DDDDDddddd,EEEEEeeeee,FFFFFfffff
18,Peter2,25,AAAAAaaaaa,BBBBBbbbbb,CCCCCccccc,DDDDDddddd,EEEEEeeeee,FFFFFfffff
19,Peter2,30,AAAAAaaaaa,BBBBBbbbbb,CCCCCccccc,DDDDDddddd,EEEEEeeeee,FFFFFfffff
20,Peter2,25,AAAAAaaaaa,BBBBBbbbbb,CCCCCccccc,DDDDDddddd,EEEEEeeeee,FFFFFfffff
21,Peter2,25,AAAAAaaaaa,BBBBBbbbbb,CCCCCccccc,DDDDDddddd,EEEEEeeeee,FFFFFfffff
22,Peter2,30,AAAAAaaaaa,BBBBBbbbbb,CCCCCccccc,DDDDDddddd,EEEEEeeeee,FFFFFfffff
23,Peter2,25,AAAAAaaaaa,BBBBBbbbbb,CCCCCccccc,DDDDDddddd,EEEEEeeeee,FFFFFfffff
24,Peter2,30,AAAAAaaaaa,BBBBBbbbbb,CCCCCccccc,DDDDDddddd,EEEEEeeeee,FFFFFfffff
25,Peter2,25,AAAAAaaaaa,BBBBBbbbbb,CCCCCccccc,DDDDDddddd,EEEEEeeeee,FFFFFfffff
26,Peter2,30,AAAAAaaaaa,BBBBBbbbbb,CCCCCccccc,DDDDDddddd,EEEEEeeeee,FFFFFfffff
27,Peter2,25,AAAAAaaaaa,BBBBBbbbbb,CCCCCccccc,DDDDDddddd,EEEEEeeeee,FFFFFfffff
28,Peter2,30,AAAAAaaaaa,BBBBBbbbbb,CCCCCccccc,DDDDDddddd,EEEEEeeeee,FFFFFfffff
29,Peter2,25,AAAAAaaaaa,BBBBBbbbbb,CCCCCccccc,DDDDDddddd,EEEEEeeeee,FFFFFfffff
30,Peter2,30,AAAAAaaaaa,BBBBBbbbbb,CCCCCccccc,DDDDDddddd,EEEEEeeeee,FFFFFfffff
31,Peter2,25,AAAAAaaaaa,BBBBBbbbbb,CCCCCccccc,DDDDDddddd,EEEEEeeeee,FFFFFfffff
32,Peter2,25,AAAAAaaaaa,BBBBBbbbbb,CCCCCccccc,DDDDDddddd,EEEEEeeeee,FFFFFfffff
33,Peter2,30,AAAAAaaaaa,BBBBBbbbbb,CCCCCccccc,DDDDDddddd,EEEEEeeeee,FFFFFfffff
34,Peter2,25,AAAAAaaaaa,BBBBBbbbbb,CCCCCccccc,DDDDDddddd,EEEEEeeeee,FFFFFfffff
35,Peter2,30,AAAAAaaaaa,BBBBBbbbbb,CCCCCccccc,DDDDDddddd,EEEEEeeeee,FFFFFfffff
36,Peter2,25,AAAAAaaaaa,BBBBBbbbbb,CCCCCccccc,DDDDDddddd,EEEEEeeeee,FFFFFfffff
37,Peter2,30,AAAAAaaaaa,BBBBBbbbbb,CCCCCccccc,DDDDDddddd,EEEEEeeeee,FFFFFfffff
38,Peter2,25,AAAAAaaaaa,BBBBBbbbbb,CCCCCccccc,DDDDDddddd,EEEEEeeeee,FFFFFfffff
1,Tan1,30,AAAAAaaaaa,BBBBBbbbbb,CCCCCccccc,DDDDDddddd,EEEEEeeeee,FFFFFfffff
2,Tan1,25,AAAAAaaaaa,BBBBBbbbbb,CCCCCccccc,DDDDDddddd,EEEEEeeeee,FFFFFfffff
3,Tan1,30,AAAAAaaaaa,BBBBBbbbbb,CCCCCccccc,DDDDDddddd,EEEEEeeeee,FFFFFfffff
4,Tan1,25,AAAAAaaaaa,BBBBBbbbbb,CCCCCccccc,DDDDDddddd,EEEEEeeeee,FFFFFfffff
5,Tan1,30,AAAAAaaaaa,BBBBBbbbbb,CCCCCccccc,DDDDDddddd,EEEEEeeeee,FFFFFfffff
6,Tan1,25,AAAAAaaaaa,BBBBBbbbbb,CCCCCccccc,DDDDDddddd,EEEEEeeeee,FFFFFfffff
7,Tan1,30,AAAAAaaaaa,BBBBBbbbbb,CCCCCccccc,DDDDDddddd,EEEEEeeeee,FFFFFfffff
8,Tan1,25,AAAAAaaaaa,BBBBBbbbbb,CCCCCccccc,DDDDDddddd,EEEEEeeeee,FFFFFfffff
9,Tan1,30,AAAAAaaaaa,BBBBBbbbbb,CCCCCccccc,DDDDDddddd,EEEEEeeeee,FFFFFfffff
10,Tan1,25,AAAAAaaaaa,BBBBBbbbbb,CCCCCccccc,DDDDDddddd,EEEEEeeeee,FFFFFfffff
1,Anna1,30,AAAAAaaaaa,BBBBBbbbbb,CCCCCccccc,DDDDDddddd,EEEEEeeeee,FFFFFfffff
2,Anna1,25,AAAAAaaaaa,BBBBBbbbbb,CCCCCccccc,DDDDDddddd,EEEEEeeeee,FFFFFfffff
3,Anna1,30,AAAAAaaaaa,BBBBBbbbbb,CCCCCccccc,DDDDDddddd,EEEEEeeeee,FFFFFfffff
4,Anna1,25,AAAAAaaaaa,BBBBBbbbbb,CCCCCccccc,DDDDDddddd,EEEEEeeeee,FFFFFfffff
5,Anna1,30,AAAAAaaaaa,BBBBBbbbbb,CCCCCccccc,DDDDDddddd,EEEEEeeeee,FFFFFfffff
6,Anna1,25,AAAAAaaaaa,BBBBBbbbbb,CCCCCccccc,DDDDDddddd,EEEEEeeeee,FFFFFfffff
7,Anna1,30,AAAAAaaaaa,BBBBBbbbbb,CCCCCccccc,DDDDDddddd,EEEEEeeeee,FFFFFfffff
8,Anna1,25,AAAAAaaaaa,BBBBBbbbbb,CCCCCccccc,DDDDDddddd,EEEEEeeeee,FFFFFfffff
9,Anna1,30,AAAAAaaaaa,BBBBBbbbbb,CCCCCccccc,DDDDDddddd,EEEEEeeeee,FFFFFfffff
10,Anna1,25,AAAAAaaaaa,BBBBBbbbbb,CCCCCccccc,DDDDDddddd,EEEEEeeeee,FFFFFfffff
1,Beta1,30,AAAAAaaaaa,BBBBBbbbbb,CCCCCccccc,DDDDDddddd,EEEEEeeeee,FFFFFfffff
2,Beta1,25,AAAAAaaaaa,BBBBBbbbbb,CCCCCccccc,DDDDDddddd,EEEEEeeeee,FFFFFfffff
3,Beta1,30,AAAAAaaaaa,BBBBBbbbbb,CCCCCccccc,DDDDDddddd,EEEEEeeeee,FFFFFfffff
4,Beta1,25,AAAAAaaaaa,BBBBBbbbbb,CCCCCccccc,DDDDDddddd,EEEEEeeeee,FFFFFfffff
5,Beta1,30,AAAAAaaaaa,BBBBBbbbbb,CCCCCccccc,DDDDDddddd,EEEEEeeeee,FFFFFfffff
6,Beta1,25,AAAAAaaaaa,BBBBBbbbbb,CCCCCccccc,DDDDDddddd,EEEEEeeeee,FFFFFfffff
7,Beta1,30,AAAAAaaaaa,BBBBBbbbbb,CCCCCccccc,DDDDDddddd,EEEEEeeeee,FFFFFfffff
8,Beta1,25,AAAAAaaaaa,BBBBBbbbbb,CCCCCccccc,DDDDDddddd,EEEEEeeeee,FFFFFfffff
9,Beta1,30,AAAAAaaaaa,BBBBBbbbbb,CCCCCccccc,DDDDDddddd,EEEEEeeeee,FFFFFfffff
10,Beta1,25,AAAAAaaaaa,BBBBBbbbbb,CCCCCccccc,DDDDDddddd,EEEEEeeeee,FFFFFfffff
1,Gama1,30,AAAAAaaaaa,BBBBBbbbbb,CCCCCccccc,DDDDDddddd,EEEEEeeeee,FFFFFfffff
2,Gama1,25,AAAAAaaaaa,BBBBBbbbbb,CCCCCccccc,DDDDDddddd,EEEEEeeeee,FFFFFfffff
3,Gama1,30,AAAAAaaaaa,BBBBBbbbbb,CCCCCccccc,DDDDDddddd,EEEEEeeeee,FFFFFfffff
4,Gama1,25,AAAAAaaaaa,BBBBBbbbbb,CCCCCccccc,DDDDDddddd,EEEEEeeeee,FFFFFfffff
5,Gama1,30,AAAAAaaaaa,BBBBBbbbbb,CCCCCccccc,DDDDDddddd,EEEEEeeeee,FFFFFfffff
6,Gama1,25,AAAAAaaaaa,BBBBBbbbbb,CCCCCccccc,DDDDDddddd,EEEEEeeeee,FFFFFfffff
7,Gama1,30,AAAAAaaaaa,BBBBBbbbbb,CCCCCccccc,DDDDDddddd,EEEEEeeeee,FFFFFfffff
8,Gama1,25,AAAAAaaaaa,BBBBBbbbbb,CCCCCccccc,DDDDDddddd,EEEEEeeeee,FFFFFfffff
9,Gama1,30,AAAAAaaaaa,BBBBBbbbbb,CCCCCccccc,DDDDDddddd,EEEEEeeeee,FFFFFfffff
10,Gama1,25,AAAAAaaaaa,BBBBBbbbbb,CCCCCccccc,DDDDDddddd,EEEEEeeeee,FFFFFfffff
11,Gama1,30,AAAAAaaaaa,BBBBBbbbbb,CCCCCccccc,DDDDDddddd,EEEEEeeeee,FFFFFfffff
12,Gama1,25,AAAAAaaaaa,BBBBBbbbbb,CCCCCccccc,DDDDDddddd,EEEEEeeeee,FFFFFfffff
13,Gama1,30,AAAAAaaaaa,BBBBBbbbbb,CCCCCccccc,DDDDDddddd,EEEEEeeeee,FFFFFfffff
14,Gama1,25,AAAAAaaaaa,BBBBBbbbbb,CCCCCccccc,DDDDDddddd,EEEEEeeeee,FFFFFfffff
15,Gama1,30,AAAAAaaaaa,BBBBBbbbbb,CCCCCccccc,DDDDDddddd,EEEEEeeeee,FFFFFfffff
16,Gama1,25,AAAAAaaaaa,BBBBBbbbbb,CCCCCccccc,DDDDDddddd,EEEEEeeeee,FFFFFfffff
17,Gama1,30,AAAAAaaaaa,BBBBBbbbbb,CCCCCccccc,DDDDDddddd,EEEEEeeeee,FFFFFfffff
18,Gama1,25,AAAAAaaaaa,BBBBBbbbbb,CCCCCccccc,DDDDDddddd,EEEEEeeeee,FFFFFfffff
19,Gama1,30,AAAAAaaaaa,BBBBBbbbbb,CCCCCccccc,DDDDDddddd,EEEEEeeeee,FFFFFfffff
20,Gama1,25,AAAAAaaaaa,BBBBBbbbbb,CCCCCccccc,DDDDDddddd,EEEEEeeeee,FFFFFfffff
1,Sigma1,30,AAAAAaaaaa,BBBBBbbbbb,CCCCCccccc,DDDDDddddd,EEEEEeeeee,FFFFFfffff
2,Sigma1,25,AAAAAaaaaa,BBBBBbbbbb,CCCCCccccc,DDDDDddddd,EEEEEeeeee,FFFFFfffff
3,Sigma1,30,AAAAAaaaaa,BBBBBbbbbb,CCCCCccccc,DDDDDddddd,EEEEEeeeee,FFFFFfffff
4,Sigma1,25,AAAAAaaaaa,BBBBBbbbbb,CCCCCccccc,DDDDDddddd,EEEEEeeeee,FFFFFfffff
5,Sigma1,30,AAAAAaaaaa,BBBBBbbbbb,CCCCCccccc,DDDDDddddd,EEEEEeeeee,FFFFFfffff
6,Sigma1,25,AAAAAaaaaa,BBBBBbbbbb,CCCCCccccc,DDDDDddddd,EEEEEeeeee,FFFFFfffff
7,Sigma1,30,AAAAAaaaaa,BBBBBbbbbb,CCCCCccccc,DDDDDddddd,EEEEEeeeee,FFFFFfffff
8,Sigma1,25,AAAAAaaaaa,BBBBBbbbbb,CCCCCccccc,DDDDDddddd,EEEEEeeeee,FFFFFfffff
9,Sigma1,30,AAAAAaaaaa,BBBBBbbbbb,CCCCCccccc,DDDDDddddd,EEEEEeeeee,FFFFFfffff
10,Sigma1,25,AAAAAaaaaa,BBBBBbbbbb,CCCCCccccc,DDDDDddddd,EEEEEeeeee,FFFFFfffff
11,Sigma1,30,AAAAAaaaaa,BBBBBbbbbb,CCCCCccccc,DDDDDddddd,EEEEEeeeee,FFFFFfffff
12,Sigma1,25,AAAAAaaaaa,BBBBBbbbbb,CCCCCccccc,DDDDDddddd,EEEEEeeeee,FFFFFfffff
13,Sigma1,30,AAAAAaaaaa,BBBBBbbbbb,CCCCCccccc,DDDDDddddd,EEEEEeeeee,FFFFFfffff
14,Sigma1,25,AAAAAaaaaa,BBBBBbbbbb,CCCCCccccc,DDDDDddddd,EEEEEeeeee,FFFFFfffff
15,Sigma1,30,AAAAAaaaaa,BBBBBbbbbb,CCCCCccccc,DDDDDddddd,EEEEEeeeee,FFFFFfffff
16,Sigma1,25,AAAAAaaaaa,BBBBBbbbbb,CCCCCccccc,DDDDDddddd,EEEEEeeeee,FFFFFfffff
17,Sigma1,30,AAAAAaaaaa,BBBBBbbbbb,CCCCCccccc,DDDDDddddd,EEEEEeeeee,FFFFFfffff
18,Sigma1,25,AAAAAaaaaa,BBBBBbbbbb,CCCCCccccc,DDDDDddddd,EEEEEeeeee,FFFFFfffff
19,Sigma1,30,AAAAAaaaaa,BBBBBbbbbb,CCCCCccccc,DDDDDddddd,EEEEEeeeee,FFFFFfffff
20,Sigma1,25,AAAAAaaaaa,BBBBBbbbbb,CCCCCccccc,DDDDDddddd,EEEEEeeeee,FFFFFfffff
21,Sigma1,25,AAAAAaaaaa,BBBBBbbbbb,CCCCCccccc,DDDDDddddd,EEEEEeeeee,FFFFFfffff
22,Sigma1,30,AAAAAaaaaa,BBBBBbbbbb,CCCCCccccc,DDDDDddddd,EEEEEeeeee,FFFFFfffff
23,Sigma1,25,AAAAAaaaaa,BBBBBbbbbb,CCCCCccccc,DDDDDddddd,EEEEEeeeee,FFFFFfffff
24,Sigma1,30,AAAAAaaaaa,BBBBBbbbbb,CCCCCccccc,DDDDDddddd,EEEEEeeeee,FFFFFfffff
25,Sigma1,25,AAAAAaaaaa,BBBBBbbbbb,CCCCCccccc,DDDDDddddd,EEEEEeeeee,FFFFFfffff
26,Sigma1,30,AAAAAaaaaa,BBBBBbbbbb,CCCCCccccc,DDDDDddddd,EEEEEeeeee,FFFFFfffff
27,Sigma1,25,AAAAAaaaaa,BBBBBbbbbb,CCCCCccccc,DDDDDddddd,EEEEEeeeee,FFFFFfffff
28,Sigma1,30,AAAAAaaaaa,BBBBBbbbbb,CCCCCccccc,DDDDDddddd,EEEEEeeeee,FFFFFfffff
29,Sigma1,25,AAAAAaaaaa,BBBBBbbbbb,CCCCCccccc,DDDDDddddd,EEEEEeeeee,FFFFFfffff
30,Sigma1,30,AAAAAaaaaa,BBBBBbbbbb,CCCCCccccc,DDDDDddddd,EEEEEeeeee,FFFFFfffff
31,Sigma1,25,AAAAAaaaaa,BBBBBbbbbb,CCCCCccccc,DDDDDddddd,EEEEEeeeee,FFFFFfffff
32,Sigma1,25,AAAAAaaaaa,BBBBBbbbbb,CCCCCccccc,DDDDDddddd,EEEEEeeeee,FFFFFfffff
33,Sigma1,30,AAAAAaaaaa,BBBBBbbbbb,CCCCCccccc,DDDDDddddd,EEEEEeeeee,FFFFFfffff
34,Sigma1,25,AAAAAaaaaa,BBBBBbbbbb,CCCCCccccc,DDDDDddddd,EEEEEeeeee,FFFFFfffff
35,Sigma1,30,AAAAAaaaaa,BBBBBbbbbb,CCCCCccccc,DDDDDddddd,EEEEEeeeee,FFFFFfffff
36,Sigma1,25,AAAAAaaaaa,BBBBBbbbbb,CCCCCccccc,DDDDDddddd,EEEEEeeeee,FFFFFfffff
37,Sigma1,30,AAAAAaaaaa,BBBBBbbbbb,CCCCCccccc,DDDDDddddd,EEEEEeeeee,FFFFFfffff
38,Sigma1,25,AAAAAaaaaa,BBBBBbbbbb,CCCCCccccc,DDDDDddddd,EEEEEeeeee,FFFFFfffff
1,Duma1,30,AAAAAaaaaa,BBBBBbbbbb,CCCCCccccc,DDDDDddddd,EEEEEeeeee,FFFFFfffff
2,Duma1,25,AAAAAaaaaa,BBBBBbbbbb,CCCCCccccc,DDDDDddddd,EEEEEeeeee,FFFFFfffff
3,Duma1,30,AAAAAaaaaa,BBBBBbbbbb,CCCCCccccc,DDDDDddddd,EEEEEeeeee,FFFFFfffff
4,Duma1,25,AAAAAaaaaa,BBBBBbbbbb,CCCCCccccc,DDDDDddddd,EEEEEeeeee,FFFFFfffff
5,Duma1,30,AAAAAaaaaa,BBBBBbbbbb,CCCCCccccc,DDDDDddddd,EEEEEeeeee,FFFFFfffff
6,Duma1,25,AAAAAaaaaa,BBBBBbbbbb,CCCCCccccc,DDDDDddddd,EEEEEeeeee,FFFFFfffff
7,Duma1,30,AAAAAaaaaa,BBBBBbbbbb,CCCCCccccc,DDDDDddddd,EEEEEeeeee,FFFFFfffff
8,Duma1,25,AAAAAaaaaa,BBBBBbbbbb,CCCCCccccc,DDDDDddddd,EEEEEeeeee,FFFFFfffff
9,Duma1,30,AAAAAaaaaa,BBBBBbbbbb,CCCCCccccc,DDDDDddddd,EEEEEeeeee,FFFFFfffff
10,Duma1,25,AAAAAaaaaa,BBBBBbbbbb,CCCCCccccc,DDDDDddddd,EEEEEeeeee,FFFFFfffff
11,Duma1,30,AAAAAaaaaa,BBBBBbbbbb,CCCCCccccc,DDDDDddddd,EEEEEeeeee,FFFFFfffff
12,Duma1,25,AAAAAaaaaa,BBBBBbbbbb,CCCCCccccc,DDDDDddddd,EEEEEeeeee,FFFFFfffff
13,Duma1,30,AAAAAaaaaa,BBBBBbbbbb,CCCCCccccc,DDDDDddddd,EEEEEeeeee,FFFFFfffff
14,Duma1,25,AAAAAaaaaa,BBBBBbbbbb,CCCCCccccc,DDDDDddddd,EEEEEeeeee,FFFFFfffff
15,Duma1,30,AAAAAaaaaa,BBBBBbbbbb,CCCCCccccc,DDDDDddddd,EEEEEeeeee,FFFFFfffff
16,Duma1,25,AAAAAaaaaa,BBBBBbbbbb,CCCCCccccc,DDDDDddddd,EEEEEeeeee,FFFFFfffff
17,Duma1,30,AAAAAaaaaa,BBBBBbbbbb,CCCCCccccc,DDDDDddddd,EEEEEeeeee,FFFFFfffff
18,Duma1,25,AAAAAaaaaa,BBBBBbbbbb,CCCCCccccc,DDDDDddddd,EEEEEeeeee,FFFFFfffff
19,Duma1,30,AAAAAaaaaa,BBBBBbbbbb,CCCCCccccc,DDDDDddddd,EEEEEeeeee,FFFFFfffff
20,Duma1,25,AAAAAaaaaa,BBBBBbbbbb,CCCCCccccc,DDDDDddddd,EEEEEeeeee,FFFFFfffff
21,Duma1,25,AAAAAaaaaa,BBBBBbbbbb,CCCCCccccc,DDDDDddddd,EEEEEeeeee,FFFFFfffff
22,Duma1,30,AAAAAaaaaa,BBBBBbbbbb,CCCCCccccc,DDDDDddddd,EEEEEeeeee,FFFFFfffff
23,Duma1,25,AAAAAaaaaa,BBBBBbbbbb,CCCCCccccc,DDDDDddddd,EEEEEeeeee,FFFFFfffff
24,Duma1,30,AAAAAaaaaa,BBBBBbbbbb,CCCCCccccc,DDDDDddddd,EEEEEeeeee,FFFFFfffff
25,Duma1,25,AAAAAaaaaa,BBBBBbbbbb,CCCCCccccc,DDDDDddddd,EEEEEeeeee,FFFFFfffff
26,Duma1,30,AAAAAaaaaa,BBBBBbbbbb,CCCCCccccc,DDDDDddddd,EEEEEeeeee,FFFFFfffff
27,Duma1,25,AAAAAaaaaa,BBBBBbbbbb,CCCCCccccc,DDDDDddddd,EEEEEeeeee,FFFFFfffff
28,Duma1,30,AAAAAaaaaa,BBBBBbbbbb,CCCCCccccc,DDDDDddddd,EEEEEeeeee,FFFFFfffff
29,Duma1,25,AAAAAaaaaa,BBBBBbbbbb,CCCCCccccc,DDDDDddddd,EEEEEeeeee,FFFFFfffff
30,Duma1,30,AAAAAaaaaa,BBBBBbbbbb,CCCCCccccc,DDDDDddddd,EEEEEeeeee,FFFFFfffff
31,Duma1,25,AAAAAaaaaa,BBBBBbbbbb,CCCCCccccc,DDDDDddddd,EEEEEeeeee,FFFFFfffff
32,Duma1,25,AAAAAaaaaa,BBBBBbbbbb,CCCCCccccc,DDDDDddddd,EEEEEeeeee,FFFFFfffff
33,Duma1,30,AAAAAaaaaa,BBBBBbbbbb,CCCCCccccc,DDDDDddddd,EEEEEeeeee,FFFFFfffff
34,Duma1,25,AAAAAaaaaa,BBBBBbbbbb,CCCCCccccc,DDDDDddddd,EEEEEeeeee,FFFFFfffff
35,Duma1,30,AAAAAaaaaa,BBBBBbbbbb,CCCCCccccc,DDDDDddddd,EEEEEeeeee,FFFFFfffff
36,Duma1,25,AAAAAaaaaa,BBBBBbbbbb,CCCCCccccc,DDDDDddddd,EEEEEeeeee,FFFFFfffff
37,Duma1,30,AAAAAaaaaa,BBBBBbbbbb,CCCCCccccc,DDDDDddddd,EEEEEeeeee,FFFFFfffff
38,Duma1,25,AAAAAaaaaa,BBBBBbbbbb,CCCCCccccc,DDDDDddddd,EEEEEeeeee,FFFFFfffff
1,Suma1,30,AAAAAaaaaa,BBBBBbbbbb,CCCCCccccc,DDDDDddddd,EEEEEeeeee,FFFFFfffff
2,Suma1,25,AAAAAaaaaa,BBBBBbbbbb,CCCCCccccc,DDDDDddddd,EEEEEeeeee,FFFFFfffff
3,Suma1,30,AAAAAaaaaa,BBBBBbbbbb,CCCCCccccc,DDDDDddddd,EEEEEeeeee,FFFFFfffff
4,Suma1,25,AAAAAaaaaa,BBBBBbbbbb,CCCCCccccc,DDDDDddddd,EEEEEeeeee,FFFFFfffff
5,Suma1,30,AAAAAaaaaa,BBBBBbbbbb,CCCCCccccc,DDDDDddddd,EEEEEeeeee,FFFFFfffff
6,Suma1,25,AAAAAaaaaa,BBBBBbbbbb,CCCCCccccc,DDDDDddddd,EEEEEeeeee,FFFFFfffff
7,Suma1,30,AAAAAaaaaa,BBBBBbbbbb,CCCCCccccc,DDDDDddddd,EEEEEeeeee,FFFFFfffff
8,Suma1,25,AAAAAaaaaa,BBBBBbbbbb,CCCCCccccc,DDDDDddddd,EEEEEeeeee,FFFFFfffff
9,Suma1,30,AAAAAaaaaa,BBBBBbbbbb,CCCCCccccc,DDDDDddddd,EEEEEeeeee,FFFFFfffff
10,Suma1,25,AAAAAaaaaa,BBBBBbbbbb,CCCCCccccc,DDDDDddddd,EEEEEeeeee,FFFFFfffff
11,Suma1,30,AAAAAaaaaa,BBBBBbbbbb,CCCCCccccc,DDDDDddddd,EEEEEeeeee,FFFFFfffff
12,Suma1,25,AAAAAaaaaa,BBBBBbbbbb,CCCCCccccc,DDDDDddddd,EEEEEeeeee,FFFFFfffff
13,Suma1,30,AAAAAaaaaa,BBBBBbbbbb,CCCCCccccc,DDDDDddddd,EEEEEeeeee,FFFFFfffff
14,Suma1,25,AAAAAaaaaa,BBBBBbbbbb,CCCCCccccc,DDDDDddddd,EEEEEeeeee,FFFFFfffff
15,Suma1,30,AAAAAaaaaa,BBBBBbbbbb,CCCCCccccc,DDDDDddddd,EEEEEeeeee,FFFFFfffff
16,Suma1,25,AAAAAaaaaa,BBBBBbbbbb,CCCCCccccc,DDDDDddddd,EEEEEeeeee,FFFFFfffff
17,Suma1,30,AAAAAaaaaa,BBBBBbbbbb,CCCCCccccc,DDDDDddddd,EEEEEeeeee,FFFFFfffff
18,Suma1,25,AAAAAaaaaa,BBBBBbbbbb,CCCCCccccc,DDDDDddddd,EEEEEeeeee,FFFFFfffff
19,Suma1,30,AAAAAaaaaa,BBBBBbbbbb,CCCCCccccc,DDDDDddddd,EEEEEeeeee,FFFFFfffff
20,Suma1,25,AAAAAaaaaa,BBBBBbbbbb,CCCCCccccc,DDDDDddddd,EEEEEeeeee,FFFFFfffff
21,Suma1,25,AAAAAaaaaa,BBBBBbbbbb,CCCCCccccc,DDDDDddddd,EEEEEeeeee,FFFFFfffff
22,Suma1,30,AAAAAaaaaa,BBBBBbbbbb,CCCCCccccc,DDDDDddddd,EEEEEeeeee,FFFFFfffff
23,Suma1,25,AAAAAaaaaa,BBBBBbbbbb,CCCCCccccc,DDDDDddddd,EEEEEeeeee,FFFFFfffff
24,Suma1,30,AAAAAaaaaa,BBBBBbbbbb,CCCCCccccc,DDDDDddddd,EEEEEeeeee,FFFFFfffff
25,Suma1,25,AAAAAaaaaa,BBBBBbbbbb,CCCCCccccc,DDDDDddddd,EEEEEeeeee,FFFFFfffff
26,Suma1,30,AAAAAaaaaa,BBBBBbbbbb,CCCCCccccc,DDDDDddddd,EEEEEeeeee,FFFFFfffff
27,Suma1,25,AAAAAaaaaa,BBBBBbbbbb,CCCCCccccc,DDDDDddddd,EEEEEeeeee,FFFFFfffff
28,Suma1,30,AAAAAaaaaa,BBBBBbbbbb,CCCCCccccc,DDDDDddddd,EEEEEeeeee,FFFFFfffff
29,Suma1,25,AAAAAaaaaa,BBBBBbbbbb,CCCCCccccc,DDDDDddddd,EEEEEeeeee,FFFFFfffff
30,Suma1,30,AAAAAaaaaa,BBBBBbbbbb,CCCCCccccc,DDDDDddddd,EEEEEeeeee,FFFFFfffff
31,Suma1,25,AAAAAaaaaa,BBBBBbbbbb,CCCCCccccc,DDDDDddddd,EEEEEeeeee,FFFFFfffff
32,Suma1,25,AAAAAaaaaa,BBBBBbbbbb,CCCCCccccc,DDDDDddddd,EEEEEeeeee,FFFFFfffff
33,Suma1,30,AAAAAaaaaa,BBBBBbbbbb,CCCCCccccc,DDDDDddddd,EEEEEeeeee,FFFFFfffff
34,Suma1,25,AAAAAaaaaa,BBBBBbbbbb,CCCCCccccc,DDDDDddddd,EEEEEeeeee,FFFFFfffff
35,Suma1,30,AAAAAaaaaa,BBBBBbbbbb,CCCCCccccc,DDDDDddddd,EEEEEeeeee,FFFFFfffff
36,Suma1,25,AAAAAaaaaa,BBBBBbbbbb,CCCCCccccc,DDDDDddddd,EEEEEeeeee,FFFFFfffff
37,Suma1,30,AAAAAaaaaa,BBBBBbbbbb,CCCCCccccc,DDDDDddddd,EEEEEeeeee,FFFFFfffff
38,Suma1,25,AAAAAaaaaa,BBBBBbbbbb,CCCCCccccc,DDDDDddddd,EEEEEeeeee,FFFFFfffff
1,Jack1,30,AAAAAaaaaa,BBBBBbbbbb,CCCCCccccc,DDDDDddddd,EEEEEeeeee,FFFFFfffff
2,Jack1,25,AAAAAaaaaa,BBBBBbbbbb,CCCCCccccc,DDDDDddddd,EEEEEeeeee,FFFFFfffff
3,Jack1,30,AAAAAaaaaa,BBBBBbbbbb,CCCCCccccc,DDDDDddddd,EEEEEeeeee,FFFFFfffff
4,Jack1,25,AAAAAaaaaa,BBBBBbbbbb,CCCCCccccc,DDDDDddddd,EEEEEeeeee,FFFFFfffff
5,Jack1,30,AAAAAaaaaa,BBBBBbbbbb,CCCCCccccc,DDDDDddddd,EEEEEeeeee,FFFFFfffff
6,Jack1,25,AAAAAaaaaa,BBBBBbbbbb,CCCCCccccc,DDDDDddddd,EEEEEeeeee,FFFFFfffff
7,Jack1,30,AAAAAaaaaa,BBBBBbbbbb,CCCCCccccc,DDDDDddddd,EEEEEeeeee,FFFFFfffff
8,Jack1,25,AAAAAaaaaa,BBBBBbbbbb,CCCCCccccc,DDDDDddddd,EEEEEeeeee,FFFFFfffff
9,Jack1,30,AAAAAaaaaa,BBBBBbbbbb,CCCCCccccc,DDDDDddddd,EEEEEeeeee,FFFFFfffff
10,Jack1,25,AAAAAaaaaa,BBBBBbbbbb,CCCCCccccc,DDDDDddddd,EEEEEeeeee,FFFFFfffff
11,Jack1,30,AAAAAaaaaa,BBBBBbbbbb,CCCCCccccc,DDDDDddddd,EEEEEeeeee,FFFFFfffff
12,Jack1,25,AAAAAaaaaa,BBBBBbbbbb,CCCCCccccc,DDDDDddddd,EEEEEeeeee,FFFFFfffff
13,Jack1,30,AAAAAaaaaa,BBBBBbbbbb,CCCCCccccc,DDDDDddddd,EEEEEeeeee,FFFFFfffff
14,Jack1,25,AAAAAaaaaa,BBBBBbbbbb,CCCCCccccc,DDDDDddddd,EEEEEeeeee,FFFFFfffff
15,Jack1,30,AAAAAaaaaa,BBBBBbbbbb,CCCCCccccc,DDDDDddddd,EEEEEeeeee,FFFFFfffff
16,Jack1,25,AAAAAaaaaa,BBBBBbbbbb,CCCCCccccc,DDDDDddddd,EEEEEeeeee,FFFFFfffff
17,Jack1,30,AAAAAaaaaa,BBBBBbbbbb,CCCCCccccc,DDDDDddddd,EEEEEeeeee,FFFFFfffff
18,Jack1,25,AAAAAaaaaa,BBBBBbbbbb,CCCCCccccc,DDDDDddddd,EEEEEeeeee,FFFFFfffff
19,Jack1,30,AAAAAaaaaa,BBBBBbbbbb,CCCCCccccc,DDDDDddddd,EEEEEeeeee,FFFFFfffff
20,Jack1,25,AAAAAaaaaa,BBBBBbbbbb,CCCCCccccc,DDDDDddddd,EEEEEeeeee,FFFFFfffff
21,Jack1,25,AAAAAaaaaa,BBBBBbbbbb,CCCCCccccc,DDDDDddddd,EEEEEeeeee,FFFFFfffff
22,Jack1,30,AAAAAaaaaa,BBBBBbbbbb,CCCCCccccc,DDDDDddddd,EEEEEeeeee,FFFFFfffff
23,Jack1,25,AAAAAaaaaa,BBBBBbbbbb,CCCCCccccc,DDDDDddddd,EEEEEeeeee,FFFFFfffff
24,Jack1,30,AAAAAaaaaa,BBBBBbbbbb,CCCCCccccc,DDDDDddddd,EEEEEeeeee,FFFFFfffff
25,Jack1,25,AAAAAaaaaa,BBBBBbbbbb,CCCCCccccc,DDDDDddddd,EEEEEeeeee,FFFFFfffff
26,Jack1,30,AAAAAaaaaa,BBBBBbbbbb,CCCCCccccc,DDDDDddddd,EEEEEeeeee,FFFFFfffff
27,Jack1,25,AAAAAaaaaa,BBBBBbbbbb,CCCCCccccc,DDDDDddddd,EEEEEeeeee,FFFFFfffff
28,Jack1,30,AAAAAaaaaa,BBBBBbbbbb,CCCCCccccc,DDDDDddddd,EEEEEeeeee,FFFFFfffff
29,Jack1,25,AAAAAaaaaa,BBBBBbbbbb,CCCCCccccc,DDDDDddddd,EEEEEeeeee,FFFFFfffff
30,Jack1,30,AAAAAaaaaa,BBBBBbbbbb,CCCCCccccc,DDDDDddddd,EEEEEeeeee,FFFFFfffff
31,Jack1,25,AAAAAaaaaa,BBBBBbbbbb,CCCCCccccc,DDDDDddddd,EEEEEeeeee,FFFFFfffff
32,Jack1,25,AAAAAaaaaa,BBBBBbbbbb,CCCCCccccc,DDDDDddddd,EEEEEeeeee,FFFFFfffff
33,Jack1,30,AAAAAaaaaa,BBBBBbbbbb,CCCCCccccc,DDDDDddddd,EEEEEeeeee,FFFFFfffff
34,Jack1,25,AAAAAaaaaa,BBBBBbbbbb,CCCCCccccc,DDDDDddddd,EEEEEeeeee,FFFFFfffff
35,Jack1,30,AAAAAaaaaa,BBBBBbbbbb,CCCCCccccc,DDDDDddddd,EEEEEeeeee,FFFFFfffff
36,Jack1,25,AAAAAaaaaa,BBBBBbbbbb,CCCCCccccc,DDDDDddddd,EEEEEeeeee,FFFFFfffff
37,Jack1,30,AAAAAaaaaa,BBBBBbbbbb,CCCCCccccc,DDDDDddddd,EEEEEeeeee,FFFFFfffff
38,Jack1,25,AAAAAaaaaa,BBBBBbbbbb,CCCCCccccc,DDDDDddddd,EEEEEeeeee,FFFFFfffff
1,John1,30,AAAAAaaaaa,BBBBBbbbbb,CCCCCccccc,DDDDDddddd,EEEEEeeeee,FFFFFfffff
2,John1,25,AAAAAaaaaa,BBBBBbbbbb,CCCCCccccc,DDDDDddddd,EEEEEeeeee,FFFFFfffff
3,John1,30,AAAAAaaaaa,BBBBBbbbbb,CCCCCccccc,DDDDDddddd,EEEEEeeeee,FFFFFfffff
4,John1,25,AAAAAaaaaa,BBBBBbbbbb,CCCCCccccc,DDDDDddddd,EEEEEeeeee,FFFFFfffff
5,John1,30,AAAAAaaaaa,BBBBBbbbbb,CCCCCccccc,DDDDDddddd,EEEEEeeeee,FFFFFfffff
6,John1,25,AAAAAaaaaa,BBBBBbbbbb,CCCCCccccc,DDDDDddddd,EEEEEeeeee,FFFFFfffff
7,John1,30,AAAAAaaaaa,BBBBBbbbbb,CCCCCccccc,DDDDDddddd,EEEEEeeeee,FFFFFfffff
8,John1,25,AAAAAaaaaa,BBBBBbbbbb,CCCCCccccc,DDDDDddddd,EEEEEeeeee,FFFFFfffff
9,John1,30,AAAAAaaaaa,BBBBBbbbbb,CCCCCccccc,DDDDDddddd,EEEEEeeeee,FFFFFfffff
10,John1,25,AAAAAaaaaa,BBBBBbbbbb,CCCCCccccc,DDDDDddddd,EEEEEeeeee,FFFFFfffff
11,John1,30,AAAAAaaaaa,BBBBBbbbbb,CCCCCccccc,DDDDDddddd,EEEEEeeeee,FFFFFfffff
12,John1,25,AAAAAaaaaa,BBBBBbbbbb,CCCCCccccc,DDDDDddddd,EEEEEeeeee,FFFFFfffff
13,John1,30,AAAAAaaaaa,BBBBBbbbbb,CCCCCccccc,DDDDDddddd,EEEEEeeeee,FFFFFfffff
14,John1,25,AAAAAaaaaa,BBBBBbbbbb,CCCCCccccc,DDDDDddddd,EEEEEeeeee,FFFFFfffff
15,John1,30,AAAAAaaaaa,BBBBBbbbbb,CCCCCccccc,DDDDDddddd,EEEEEeeeee,FFFFFfffff
16,John1,25,AAAAAaaaaa,BBBBBbbbbb,CCCCCccccc,DDDDDddddd,EEEEEeeeee,FFFFFfffff
17,John1,30,AAAAAaaaaa,BBBBBbbbbb,CCCCCccccc,DDDDDddddd,EEEEEeeeee,FFFFFfffff
18,John1,25,AAAAAaaaaa,BBBBBbbbbb,CCCCCccccc,DDDDDddddd,EEEEEeeeee,FFFFFfffff
19,John1,30,AAAAAaaaaa,BBBBBbbbbb,CCCCCccccc,DDDDDddddd,EEEEEeeeee,FFFFFfffff
20,John1,25,AAAAAaaaaa,BBBBBbbbbb,CCCCCccccc,DDDDDddddd,EEEEEeeeee,FFFFFfffff
21,John1,25,AAAAAaaaaa,BBBBBbbbbb,CCCCCccccc,DDDDDddddd,EEEEEeeeee,FFFFFfffff
22,John1,30,AAAAAaaaaa,BBBBBbbbbb,CCCCCccccc,DDDDDddddd,EEEEEeeeee,FFFFFfffff
23,John1,25,AAAAAaaaaa,BBBBBbbbbb,CCCCCccccc,DDDDDddddd,EEEEEeeeee,FFFFFfffff
24,John1,30,AAAAAaaaaa,BBBBBbbbbb,CCCCCccccc,DDDDDddddd,EEEEEeeeee,FFFFFfffff
25,John1,25,AAAAAaaaaa,BBBBBbbbbb,CCCCCccccc,DDDDDddddd,EEEEEeeeee,FFFFFfffff
26,John1,30,AAAAAaaaaa,BBBBBbbbbb,CCCCCccccc,DDDDDddddd,EEEEEeeeee,FFFFFfffff
27,John1,25,AAAAAaaaaa,BBBBBbbbbb,CCCCCccccc,DDDDDddddd,EEEEEeeeee,FFFFFfffff
28,John1,30,AAAAAaaaaa,BBBBBbbbbb,CCCCCccccc,DDDDDddddd,EEEEEeeeee,FFFFFfffff
29,John1,25,AAAAAaaaaa,BBBBBbbbbb,CCCCCccccc,DDDDDddddd,EEEEEeeeee,FFFFFfffff
30,John1,30,AAAAAaaaaa,BBBBBbbbbb,CCCCCccccc,DDDDDddddd,EEEEEeeeee,FFFFFfffff
31,John1,25,AAAAAaaaaa,BBBBBbbbbb,CCCCCccccc,DDDDDddddd,EEEEEeeeee,FFFFFfffff
32,John1,25,AAAAAaaaaa,BBBBBbbbbb,CCCCCccccc,DDDDDddddd,EEEEEeeeee,FFFFFfffff
33,John1,30,AAAAAaaaaa,BBBBBbbbbb,CCCCCccccc,DDDDDddddd,EEEEEeeeee,FFFFFfffff
34,John1,25,AAAAAaaaaa,BBBBBbbbbb,CCCCCccccc,DDDDDddddd,EEEEEeeeee,FFFFFfffff
35,John1,30,AAAAAaaaaa,BBBBBbbbbb,CCCCCccccc,DDDDDddddd,EEEEEeeeee,FFFFFfffff
36,John1,25,AAAAAaaaaa,BBBBBbbbbb,CCCCCccccc,DDDDDddddd,EEEEEeeeee,FFFFFfffff
37,John1,30,AAAAAaaaaa,BBBBBbbbbb,CCCCCccccc,DDDDDddddd,EEEEEeeeee,FFFFFfffff
38,John1,25,AAAAAaaaaa,BBBBBbbbbb,CCCCCccccc,DDDDDddddd,EEEEEeeeee,FFFFFfffff
1,Peter1,30,AAAAAaaaaa,BBBBBbbbbb,CCCCCccccc,DDDDDddddd,EEEEEeeeee,FFFFFfffff
2,Peter1,25,AAAAAaaaaa,BBBBBbbbbb,CCCCCccccc,DDDDDddddd,EEEEEeeeee,FFFFFfffff
3,Peter1,30,AAAAAaaaaa,BBBBBbbbbb,CCCCCccccc,DDDDDddddd,EEEEEeeeee,FFFFFfffff
4,Peter1,25,AAAAAaaaaa,BBBBBbbbbb,CCCCCccccc,DDDDDddddd,EEEEEeeeee,FFFFFfffff
5,Peter1,30,AAAAAaaaaa,BBBBBbbbbb,CCCCCccccc,DDDDDddddd,EEEEEeeeee,FFFFFfffff
6,Peter1,25,AAAAAaaaaa,BBBBBbbbbb,CCCCCccccc,DDDDDddddd,EEEEEeeeee,FFFFFfffff
7,Peter1,30,AAAAAaaaaa,BBBBBbbbbb,CCCCCccccc,DDDDDddddd,EEEEEeeeee,FFFFFfffff
8,Peter1,25,AAAAAaaaaa,BBBBBbbbbb,CCCCCccccc,DDDDDddddd,EEEEEeeeee,FFFFFfffff
9,Peter1,30,AAAAAaaaaa,BBBBBbbbbb,CCCCCccccc,DDDDDddddd,EEEEEeeeee,FFFFFfffff
10,Peter1,25,AAAAAaaaaa,BBBBBbbbbb,CCCCCccccc,DDDDDddddd,EEEEEeeeee,FFFFFfffff
11,Peter1,30,AAAAAaaaaa,BBBBBbbbbb,CCCCCccccc,DDDDDddddd,EEEEEeeeee,FFFFFfffff
12,Peter1,25,AAAAAaaaaa,BBBBBbbbbb,CCCCCccccc,DDDDDddddd,EEEEEeeeee,FFFFFfffff
13,Peter1,30,AAAAAaaaaa,BBBBBbbbbb,CCCCCccccc,DDDDDddddd,EEEEEeeeee,FFFFFfffff
14,Peter1,25,AAAAAaaaaa,BBBBBbbbbb,CCCCCccccc,DDDDDddddd,EEEEEeeeee,FFFFFfffff
15,Peter1,30,AAAAAaaaaa,BBBBBbbbbb,CCCCCccccc,DDDDDddddd,EEEEEeeeee,FFFFFfffff
16,Peter1,25,AAAAAaaaaa,BBBBBbbbbb,CCCCCccccc,DDDDDddddd,EEEEEeeeee,FFFFFfffff
17,Peter1,30,AAAAAaaaaa,BBBBBbbbbb,CCCCCccccc,DDDDDddddd,EEEEEeeeee,FFFFFfffff
18,Peter1,25,AAAAAaaaaa,BBBBBbbbbb,CCCCCccccc,DDDDDddddd,EEEEEeeeee,FFFFFfffff
19,Peter1,30,AAAAAaaaaa,BBBBBbbbbb,CCCCCccccc,DDDDDddddd,EEEEEeeeee,FFFFFfffff
20,Peter1,25,AAAAAaaaaa,BBBBBbbbbb,CCCCCccccc,DDDDDddddd,EEEEEeeeee,FFFFFfffff
21,Peter1,25,AAAAAaaaaa,BBBBBbbbbb,CCCCCccccc,DDDDDddddd,EEEEEeeeee,FFFFFfffff
22,Peter1,30,AAAAAaaaaa,BBBBBbbbbb,CCCCCccccc,DDDDDddddd,EEEEEeeeee,FFFFFfffff
23,Peter1,25,AAAAAaaaaa,BBBBBbbbbb,CCCCCccccc,DDDDDddddd,EEEEEeeeee,FFFFFfffff
24,Peter1,30,AAAAAaaaaa,BBBBBbbbbb,CCCCCccccc,DDDDDddddd,EEEEEeeeee,FFFFFfffff
25,Peter1,25,AAAAAaaaaa,BBBBBbbbbb,CCCCCccccc,DDDDDddddd,EEEEEeeeee,FFFFFfffff
26,Peter1,30,AAAAAaaaaa,BBBBBbbbbb,CCCCCccccc,DDDDDddddd,EEEEEeeeee,FFFFFfffff
27,Peter1,25,AAAAAaaaaa,BBBBBbbbbb,CCCCCccccc,DDDDDddddd,EEEEEeeeee,FFFFFfffff
28,Peter1,30,AAAAAaaaaa,BBBBBbbbbb,CCCCCccccc,DDDDDddddd,EEEEEeeeee,FFFFFfffff
29,Peter1,25,AAAAAaaaaa,BBBBBbbbbb,CCCCCccccc,DDDDDddddd,EEEEEeeeee,FFFFFfffff
30,Peter1,30,AAAAAaaaaa,BBBBBbbbbb,CCCCCccccc,DDDDDddddd,EEEEEeeeee,FFFFFfffff
31,Peter1,25,AAAAAaaaaa,BBBBBbbbbb,CCCCCccccc,DDDDDddddd,EEEEEeeeee,FFFFFfffff
32,Peter1,25,AAAAAaaaaa,BBBBBbbbbb,CCCCCccccc,DDDDDddddd,EEEEEeeeee,FFFFFfffff
33,Peter1,30,AAAAAaaaaa,BBBBBbbbbb,CCCCCccccc,DDDDDddddd,EEEEEeeeee,FFFFFfffff
34,Peter1,25,AAAAAaaaaa,BBBBBbbbbb,CCCCCccccc,DDDDDddddd,EEEEEeeeee,FFFFFfffff
35,Peter1,30,AAAAAaaaaa,BBBBBbbbbb,CCCCCccccc,DDDDDddddd,EEEEEeeeee,FFFFFfffff
36,Peter1,25,AAAAAaaaaa,BBBBBbbbbb,CCCCCccccc,DDDDDddddd,EEEEEeeeee,FFFFFfffff
37,Peter1,30,AAAAAaaaaa,BBBBBbbbbb,CCCCCccccc,DDDDDddddd,EEEEEeeeee,FFFFFfffff
38,Peter1,25,AAAAAaaaaa,BBBBBbbbbb,CCCCCccccc,DDDDDddddd,EEEEEeeeee,FFFFFfffff
1,Tan12,30,AAAAAaaaaa,BBBBBbbbbb,CCCCCccccc,DDDDDddddd,EEEEEeeeee,FFFFFfffff
2,Tan12,25,AAAAAaaaaa,BBBBBbbbbb,CCCCCccccc,DDDDDddddd,EEEEEeeeee,FFFFFfffff
3,Tan12,30,AAAAAaaaaa,BBBBBbbbbb,CCCCCccccc,DDDDDddddd,EEEEEeeeee,FFFFFfffff
4,Tan12,25,AAAAAaaaaa,BBBBBbbbbb,CCCCCccccc,DDDDDddddd,EEEEEeeeee,FFFFFfffff
5,Tan12,30,AAAAAaaaaa,BBBBBbbbbb,CCCCCccccc,DDDDDddddd,EEEEEeeeee,FFFFFfffff
6,Tan12,25,AAAAAaaaaa,BBBBBbbbbb,CCCCCccccc,DDDDDddddd,EEEEEeeeee,FFFFFfffff
7,Tan12,30,AAAAAaaaaa,BBBBBbbbbb,CCCCCccccc,DDDDDddddd,EEEEEeeeee,FFFFFfffff
8,Tan12,25,AAAAAaaaaa,BBBBBbbbbb,CCCCCccccc,DDDDDddddd,EEEEEeeeee,FFFFFfffff
9,Tan12,30,AAAAAaaaaa,BBBBBbbbbb,CCCCCccccc,DDDDDddddd,EEEEEeeeee,FFFFFfffff
10,Tan12,25,AAAAAaaaaa,BBBBBbbbbb,CCCCCccccc,DDDDDddddd,EEEEEeeeee,FFFFFfffff
1,Anna12,30,AAAAAaaaaa,BBBBBbbbbb,CCCCCccccc,DDDDDddddd,EEEEEeeeee,FFFFFfffff
2,Anna12,25,AAAAAaaaaa,BBBBBbbbbb,CCCCCccccc,DDDDDddddd,EEEEEeeeee,FFFFFfffff
3,Anna12,30,AAAAAaaaaa,BBBBBbbbbb,CCCCCccccc,DDDDDddddd,EEEEEeeeee,FFFFFfffff
4,Anna12,25,AAAAAaaaaa,BBBBBbbbbb,CCCCCccccc,DDDDDddddd,EEEEEeeeee,FFFFFfffff
5,Anna12,30,AAAAAaaaaa,BBBBBbbbbb,CCCCCccccc,DDDDDddddd,EEEEEeeeee,FFFFFfffff
6,Anna12,25,AAAAAaaaaa,BBBBBbbbbb,CCCCCccccc,DDDDDddddd,EEEEEeeeee,FFFFFfffff
7,Anna12,30,AAAAAaaaaa,BBBBBbbbbb,CCCCCccccc,DDDDDddddd,EEEEEeeeee,FFFFFfffff
8,Anna12,25,AAAAAaaaaa,BBBBBbbbbb,CCCCCccccc,DDDDDddddd,EEEEEeeeee,FFFFFfffff
9,Anna12,30,AAAAAaaaaa,BBBBBbbbbb,CCCCCccccc,DDDDDddddd,EEEEEeeeee,FFFFFfffff
10,Anna12,25,AAAAAaaaaa,BBBBBbbbbb,CCCCCccccc,DDDDDddddd,EEEEEeeeee,FFFFFfffff
1,Beta12,30,AAAAAaaaaa,BBBBBbbbbb,CCCCCccccc,DDDDDddddd,EEEEEeeeee,FFFFFfffff
2,Beta12,25,AAAAAaaaaa,BBBBBbbbbb,CCCCCccccc,DDDDDddddd,EEEEEeeeee,FFFFFfffff
3,Beta12,30,AAAAAaaaaa,BBBBBbbbbb,CCCCCccccc,DDDDDddddd,EEEEEeeeee,FFFFFfffff
4,Beta12,25,AAAAAaaaaa,BBBBBbbbbb,CCCCCccccc,DDDDDddddd,EEEEEeeeee,FFFFFfffff
5,Beta12,30,AAAAAaaaaa,BBBBBbbbbb,CCCCCccccc,DDDDDddddd,EEEEEeeeee,FFFFFfffff
6,Beta12,25,AAAAAaaaaa,BBBBBbbbbb,CCCCCccccc,DDDDDddddd,EEEEEeeeee,FFFFFfffff
7,Beta12,30,AAAAAaaaaa,BBBBBbbbbb,CCCCCccccc,DDDDDddddd,EEEEEeeeee,FFFFFfffff
8,Beta12,25,AAAAAaaaaa,BBBBBbbbbb,CCCCCccccc,DDDDDddddd,EEEEEeeeee,FFFFFfffff
9,Beta12,30,AAAAAaaaaa,BBBBBbbbbb,CCCCCccccc,DDDDDddddd,EEEEEeeeee,FFFFFfffff
10,Beta12,25,AAAAAaaaaa,BBBBBbbbbb,CCCCCccccc,DDDDDddddd,EEEEEeeeee,FFFFFfffff
1,Gama12,30,AAAAAaaaaa,BBBBBbbbbb,CCCCCccccc,DDDDDddddd,EEEEEeeeee,FFFFFfffff
2,Gama12,25,AAAAAaaaaa,BBBBBbbbbb,CCCCCccccc,DDDDDddddd,EEEEEeeeee,FFFFFfffff
3,Gama12,30,AAAAAaaaaa,BBBBBbbbbb,CCCCCccccc,DDDDDddddd,EEEEEeeeee,FFFFFfffff
4,Gama12,25,AAAAAaaaaa,BBBBBbbbbb,CCCCCccccc,DDDDDddddd,EEEEEeeeee,FFFFFfffff
5,Gama12,30,AAAAAaaaaa,BBBBBbbbbb,CCCCCccccc,DDDDDddddd,EEEEEeeeee,FFFFFfffff
6,Gama12,25,AAAAAaaaaa,BBBBBbbbbb,CCCCCccccc,DDDDDddddd,EEEEEeeeee,FFFFFfffff
7,Gama12,30,AAAAAaaaaa,BBBBBbbbbb,CCCCCccccc,DDDDDddddd,EEEEEeeeee,FFFFFfffff
8,Gama12,25,AAAAAaaaaa,BBBBBbbbbb,CCCCCccccc,DDDDDddddd,EEEEEeeeee,FFFFFfffff
9,Gama12,30,AAAAAaaaaa,BBBBBbbbbb,CCCCCccccc,DDDDDddddd,EEEEEeeeee,FFFFFfffff
10,Gama12,25,AAAAAaaaaa,BBBBBbbbbb,CCCCCccccc,DDDDDddddd,EEEEEeeeee,FFFFFfffff
11,Gama12,30,AAAAAaaaaa,BBBBBbbbbb,CCCCCccccc,DDDDDddddd,EEEEEeeeee,FFFFFfffff
12,Gama12,25,AAAAAaaaaa,BBBBBbbbbb,CCCCCccccc,DDDDDddddd,EEEEEeeeee,FFFFFfffff
13,Gama12,30,AAAAAaaaaa,BBBBBbbbbb,CCCCCccccc,DDDDDddddd,EEEEEeeeee,FFFFFfffff
14,Gama12,25,AAAAAaaaaa,BBBBBbbbbb,CCCCCccccc,DDDDDddddd,EEEEEeeeee,FFFFFfffff
15,Gama12,30,AAAAAaaaaa,BBBBBbbbbb,CCCCCccccc,DDDDDddddd,EEEEEeeeee,FFFFFfffff
16,Gama12,25,AAAAAaaaaa,BBBBBbbbbb,CCCCCccccc,DDDDDddddd,EEEEEeeeee,FFFFFfffff
17,Gama12,30,AAAAAaaaaa,BBBBBbbbbb,CCCCCccccc,DDDDDddddd,EEEEEeeeee,FFFFFfffff
18,Gama12,25,AAAAAaaaaa,BBBBBbbbbb,CCCCCccccc,DDDDDddddd,EEEEEeeeee,FFFFFfffff
19,Gama12,30,AAAAAaaaaa,BBBBBbbbbb,CCCCCccccc,DDDDDddddd,EEEEEeeeee,FFFFFfffff
20,Gama12,25,AAAAAaaaaa,BBBBBbbbbb,CCCCCccccc,DDDDDddddd,EEEEEeeeee,FFFFFfffff
1,Sigma12,30,AAAAAaaaaa,BBBBBbbbbb,CCCCCccccc,DDDDDddddd,EEEEEeeeee,FFFFFfffff
2,Sigma12,25,AAAAAaaaaa,BBBBBbbbbb,CCCCCccccc,DDDDDddddd,EEEEEeeeee,FFFFFfffff
3,Sigma12,30,AAAAAaaaaa,BBBBBbbbbb,CCCCCccccc,DDDDDddddd,EEEEEeeeee,FFFFFfffff
4,Sigma12,25,AAAAAaaaaa,BBBBBbbbbb,CCCCCccccc,DDDDDddddd,EEEEEeeeee,FFFFFfffff
5,Sigma12,30,AAAAAaaaaa,BBBBBbbbbb,CCCCCccccc,DDDDDddddd,EEEEEeeeee,FFFFFfffff
6,Sigma12,25,AAAAAaaaaa,BBBBBbbbbb,CCCCCccccc,DDDDDddddd,EEEEEeeeee,FFFFFfffff
7,Sigma12,30,AAAAAaaaaa,BBBBBbbbbb,CCCCCccccc,DDDDDddddd,EEEEEeeeee,FFFFFfffff
8,Sigma12,25,AAAAAaaaaa,BBBBBbbbbb,CCCCCccccc,DDDDDddddd,EEEEEeeeee,FFFFFfffff
9,Sigma12,30,AAAAAaaaaa,BBBBBbbbbb,CCCCCccccc,DDDDDddddd,EEEEEeeeee,FFFFFfffff
10,Sigma12,25,AAAAAaaaaa,BBBBBbbbbb,CCCCCccccc,DDDDDddddd,EEEEEeeeee,FFFFFfffff
11,Sigma12,30,AAAAAaaaaa,BBBBBbbbbb,CCCCCccccc,DDDDDddddd,EEEEEeeeee,FFFFFfffff
12,Sigma12,25,AAAAAaaaaa,BBBBBbbbbb,CCCCCccccc,DDDDDddddd,EEEEEeeeee,FFFFFfffff
13,Sigma12,30,AAAAAaaaaa,BBBBBbbbbb,CCCCCccccc,DDDDDddddd,EEEEEeeeee,FFFFFfffff
14,Sigma12,25,AAAAAaaaaa,BBBBBbbbbb,CCCCCccccc,DDDDDddddd,EEEEEeeeee,FFFFFfffff
15,Sigma12,30,AAAAAaaaaa,BBBBBbbbbb,CCCCCccccc,DDDDDddddd,EEEEEeeeee,FFFFFfffff
16,Sigma12,25,AAAAAaaaaa,BBBBBbbbbb,CCCCCccccc,DDDDDddddd,EEEEEeeeee,FFFFFfffff
17,Sigma12,30,AAAAAaaaaa,BBBBBbbbbb,CCCCCccccc,DDDDDddddd,EEEEEeeeee,FFFFFfffff
18,Sigma12,25,AAAAAaaaaa,BBBBBbbbbb,CCCCCccccc,DDDDDddddd,EEEEEeeeee,FFFFFfffff
19,Sigma12,30,AAAAAaaaaa,BBBBBbbbbb,CCCCCccccc,DDDDDddddd,EEEEEeeeee,FFFFFfffff
20,Sigma12,25,AAAAAaaaaa,BBBBBbbbbb,CCCCCccccc,DDDDDddddd,EEEEEeeeee,FFFFFfffff
21,Sigma12,25,AAAAAaaaaa,BBBBBbbbbb,CCCCCccccc,DDDDDddddd,EEEEEeeeee,FFFFFfffff
22,Sigma12,30,AAAAAaaaaa,BBBBBbbbbb,CCCCCccccc,DDDDDddddd,EEEEEeeeee,FFFFFfffff
23,Sigma12,25,AAAAAaaaaa,BBBBBbbbbb,CCCCCccccc,DDDDDddddd,EEEEEeeeee,FFFFFfffff
24,Sigma12,30,AAAAAaaaaa,BBBBBbbbbb,CCCCCccccc,DDDDDddddd,EEEEEeeeee,FFFFFfffff
25,Sigma12,25,AAAAAaaaaa,BBBBBbbbbb,CCCCCccccc,DDDDDddddd,EEEEEeeeee,FFFFFfffff
26,Sigma12,30,AAAAAaaaaa,BBBBBbbbbb,CCCCCccccc,DDDDDddddd,EEEEEeeeee,FFFFFfffff
27,Sigma12,25,AAAAAaaaaa,BBBBBbbbbb,CCCCCccccc,DDDDDddddd,EEEEEeeeee,FFFFFfffff
28,Sigma12,30,AAAAAaaaaa,BBBBBbbbbb,CCCCCccccc,DDDDDddddd,EEEEEeeeee,FFFFFfffff
29,Sigma12,25,AAAAAaaaaa,BBBBBbbbbb,CCCCCccccc,DDDDDddddd,EEEEEeeeee,FFFFFfffff
30,Sigma12,30,AAAAAaaaaa,BBBBBbbbbb,CCCCCccccc,DDDDDddddd,EEEEEeeeee,FFFFFfffff
31,Sigma12,25,AAAAAaaaaa,BBBBBbbbbb,CCCCCccccc,DDDDDddddd,EEEEEeeeee,FFFFFfffff
32,Sigma12,25,AAAAAaaaaa,BBBBBbbbbb,CCCCCccccc,DDDDDddddd,EEEEEeeeee,FFFFFfffff
33,Sigma12,30,AAAAAaaaaa,BBBBBbbbbb,CCCCCccccc,DDDDDddddd,EEEEEeeeee,FFFFFfffff
34,Sigma12,25,AAAAAaaaaa,BBBBBbbbbb,CCCCCccccc,DDDDDddddd,EEEEEeeeee,FFFFFfffff
35,Sigma12,30,AAAAAaaaaa,BBBBBbbbbb,CCCCCccccc,DDDDDddddd,EEEEEeeeee,FFFFFfffff
36,Sigma12,25,AAAAAaaaaa,BBBBBbbbbb,CCCCCccccc,DDDDDddddd,EEEEEeeeee,FFFFFfffff
37,Sigma12,30,AAAAAaaaaa,BBBBBbbbbb,CCCCCccccc,DDDDDddddd,EEEEEeeeee,FFFFFfffff
38,Sigma12,25,AAAAAaaaaa,BBBBBbbbbb,CCCCCccccc,DDDDDddddd,EEEEEeeeee,FFFFFfffff
1,Duma12,30,AAAAAaaaaa,BBBBBbbbbb,CCCCCccccc,DDDDDddddd,EEEEEeeeee,FFFFFfffff
2,Duma12,25,AAAAAaaaaa,BBBBBbbbbb,CCCCCccccc,DDDDDddddd,EEEEEeeeee,FFFFFfffff
3,Duma12,30,AAAAAaaaaa,BBBBBbbbbb,CCCCCccccc,DDDDDddddd,EEEEEeeeee,FFFFFfffff
4,Duma12,25,AAAAAaaaaa,BBBBBbbbbb,CCCCCccccc,DDDDDddddd,EEEEEeeeee,FFFFFfffff
5,Duma12,30,AAAAAaaaaa,BBBBBbbbbb,CCCCCccccc,DDDDDddddd,EEEEEeeeee,FFFFFfffff
6,Duma12,25,AAAAAaaaaa,BBBBBbbbbb,CCCCCccccc,DDDDDddddd,EEEEEeeeee,FFFFFfffff
7,Duma12,30,AAAAAaaaaa,BBBBBbbbbb,CCCCCccccc,DDDDDddddd,EEEEEeeeee,FFFFFfffff
8,Duma12,25,AAAAAaaaaa,BBBBBbbbbb,CCCCCccccc,DDDDDddddd,EEEEEeeeee,FFFFFfffff
9,Duma12,30,AAAAAaaaaa,BBBBBbbbbb,CCCCCccccc,DDDDDddddd,EEEEEeeeee,FFFFFfffff
10,Duma12,25,AAAAAaaaaa,BBBBBbbbbb,CCCCCccccc,DDDDDddddd,EEEEEeeeee,FFFFFfffff
11,Duma12,30,AAAAAaaaaa,BBBBBbbbbb,CCCCCccccc,DDDDDddddd,EEEEEeeeee,FFFFFfffff
12,Duma12,25,AAAAAaaaaa,BBBBBbbbbb,CCCCCccccc,DDDDDddddd,EEEEEeeeee,FFFFFfffff
13,Duma12,30,AAAAAaaaaa,BBBBBbbbbb,CCCCCccccc,DDDDDddddd,EEEEEeeeee,FFFFFfffff
14,Duma12,25,AAAAAaaaaa,BBBBBbbbbb,CCCCCccccc,DDDDDddddd,EEEEEeeeee,FFFFFfffff
15,Duma12,30,AAAAAaaaaa,BBBBBbbbbb,CCCCCccccc,DDDDDddddd,EEEEEeeeee,FFFFFfffff
16,Duma12,25,AAAAAaaaaa,BBBBBbbbbb,CCCCCccccc,DDDDDddddd,EEEEEeeeee,FFFFFfffff
17,Duma12,30,AAAAAaaaaa,BBBBBbbbbb,CCCCCccccc,DDDDDddddd,EEEEEeeeee,FFFFFfffff
18,Duma12,25,AAAAAaaaaa,BBBBBbbbbb,CCCCCccccc,DDDDDddddd,EEEEEeeeee,FFFFFfffff
19,Duma12,30,AAAAAaaaaa,BBBBBbbbbb,CCCCCccccc,DDDDDddddd,EEEEEeeeee,FFFFFfffff
20,Duma12,25,AAAAAaaaaa,BBBBBbbbbb,CCCCCccccc,DDDDDddddd,EEEEEeeeee,FFFFFfffff
21,Duma12,25,AAAAAaaaaa,BBBBBbbbbb,CCCCCccccc,DDDDDddddd,EEEEEeeeee,FFFFFfffff
22,Duma12,30,AAAAAaaaaa,BBBBBbbbbb,CCCCCccccc,DDDDDddddd,EEEEEeeeee,FFFFFfffff
23,Duma12,25,AAAAAaaaaa,BBBBBbbbbb,CCCCCccccc,DDDDDddddd,EEEEEeeeee,FFFFFfffff
24,Duma12,30,AAAAAaaaaa,BBBBBbbbbb,CCCCCccccc,DDDDDddddd,EEEEEeeeee,FFFFFfffff
25,Duma12,25,AAAAAaaaaa,BBBBBbbbbb,CCCCCccccc,DDDDDddddd,EEEEEeeeee,FFFFFfffff
26,Duma12,30,AAAAAaaaaa,BBBBBbbbbb,CCCCCccccc,DDDDDddddd,EEEEEeeeee,FFFFFfffff
27,Duma12,25,AAAAAaaaaa,BBBBBbbbbb,CCCCCccccc,DDDDDddddd,EEEEEeeeee,FFFFFfffff
28,Duma12,30,AAAAAaaaaa,BBBBBbbbbb,CCCCCccccc,DDDDDddddd,EEEEEeeeee,FFFFFfffff
29,Duma12,25,AAAAAaaaaa,BBBBBbbbbb,CCCCCccccc,DDDDDddddd,EEEEEeeeee,FFFFFfffff
30,Duma12,30,AAAAAaaaaa,BBBBBbbbbb,CCCCCccccc,DDDDDddddd,EEEEEeeeee,FFFFFfffff
31,Duma12,25,AAAAAaaaaa,BBBBBbbbbb,CCCCCccccc,DDDDDddddd,EEEEEeeeee,FFFFFfffff
32,Duma12,25,AAAAAaaaaa,BBBBBbbbbb,CCCCCccccc,DDDDDddddd,EEEEEeeeee,FFFFFfffff
33,Duma12,30,AAAAAaaaaa,BBBBBbbbbb,CCCCCccccc,DDDDDddddd,EEEEEeeeee,FFFFFfffff
34,Duma12,25,AAAAAaaaaa,BBBBBbbbbb,CCCCCccccc,DDDDDddddd,EEEEEeeeee,FFFFFfffff
35,Duma12,30,AAAAAaaaaa,BBBBBbbbbb,CCCCCccccc,DDDDDddddd,EEEEEeeeee,FFFFFfffff
36,Duma12,25,AAAAAaaaaa,BBBBBbbbbb,CCCCCccccc,DDDDDddddd,EEEEEeeeee,FFFFFfffff
37,Duma12,30,AAAAAaaaaa,BBBBBbbbbb,CCCCCccccc,DDDDDddddd,EEEEEeeeee,FFFFFfffff
38,Duma12,25,AAAAAaaaaa,BBBBBbbbbb,CCCCCccccc,DDDDDddddd,EEEEEeeeee,FFFFFfffff
1,Suma12,30,AAAAAaaaaa,BBBBBbbbbb,CCCCCccccc,DDDDDddddd,EEEEEeeeee,FFFFFfffff
2,Suma12,25,AAAAAaaaaa,BBBBBbbbbb,CCCCCccccc,DDDDDddddd,EEEEEeeeee,FFFFFfffff
3,Suma12,30,AAAAAaaaaa,BBBBBbbbbb,CCCCCccccc,DDDDDddddd,EEEEEeeeee,FFFFFfffff
4,Suma12,25,AAAAAaaaaa,BBBBBbbbbb,CCCCCccccc,DDDDDddddd,EEEEEeeeee,FFFFFfffff
5,Suma12,30,AAAAAaaaaa,BBBBBbbbbb,CCCCCccccc,DDDDDddddd,EEEEEeeeee,FFFFFfffff
6,Suma12,25,AAAAAaaaaa,BBBBBbbbbb,CCCCCccccc,DDDDDddddd,EEEEEeeeee,FFFFFfffff
7,Suma12,30,AAAAAaaaaa,BBBBBbbbbb,CCCCCccccc,DDDDDddddd,EEEEEeeeee,FFFFFfffff
8,Suma12,25,AAAAAaaaaa,BBBBBbbbbb,CCCCCccccc,DDDDDddddd,EEEEEeeeee,FFFFFfffff
9,Suma12,30,AAAAAaaaaa,BBBBBbbbbb,CCCCCccccc,DDDDDddddd,EEEEEeeeee,FFFFFfffff
10,Suma12,25,AAAAAaaaaa,BBBBBbbbbb,CCCCCccccc,DDDDDddddd,EEEEEeeeee,FFFFFfffff
11,Suma12,30,AAAAAaaaaa,BBBBBbbbbb,CCCCCccccc,DDDDDddddd,EEEEEeeeee,FFFFFfffff
12,Suma12,25,AAAAAaaaaa,BBBBBbbbbb,CCCCCccccc,DDDDDddddd,EEEEEeeeee,FFFFFfffff
13,Suma12,30,AAAAAaaaaa,BBBBBbbbbb,CCCCCccccc,DDDDDddddd,EEEEEeeeee,FFFFFfffff
14,Suma12,25,AAAAAaaaaa,BBBBBbbbbb,CCCCCccccc,DDDDDddddd,EEEEEeeeee,FFFFFfffff
15,Suma12,30,AAAAAaaaaa,BBBBBbbbbb,CCCCCccccc,DDDDDddddd,EEEEEeeeee,FFFFFfffff
16,Suma12,25,AAAAAaaaaa,BBBBBbbbbb,CCCCCccccc,DDDDDddddd,EEEEEeeeee,FFFFFfffff
17,Suma12,30,AAAAAaaaaa,BBBBBbbbbb,CCCCCccccc,DDDDDddddd,EEEEEeeeee,FFFFFfffff
18,Suma12,25,AAAAAaaaaa,BBBBBbbbbb,CCCCCccccc,DDDDDddddd,EEEEEeeeee,FFFFFfffff
19,Suma12,30,AAAAAaaaaa,BBBBBbbbbb,CCCCCccccc,DDDDDddddd,EEEEEeeeee,FFFFFfffff
20,Suma12,25,AAAAAaaaaa,BBBBBbbbbb,CCCCCccccc,DDDDDddddd,EEEEEeeeee,FFFFFfffff
21,Suma12,25,AAAAAaaaaa,BBBBBbbbbb,CCCCCccccc,DDDDDddddd,EEEEEeeeee,FFFFFfffff
22,Suma12,30,AAAAAaaaaa,BBBBBbbbbb,CCCCCccccc,DDDDDddddd,EEEEEeeeee,FFFFFfffff
23,Suma12,25,AAAAAaaaaa,BBBBBbbbbb,CCCCCccccc,DDDDDddddd,EEEEEeeeee,FFFFFfffff
24,Suma12,30,AAAAAaaaaa,BBBBBbbbbb,CCCCCccccc,DDDDDddddd,EEEEEeeeee,FFFFFfffff
25,Suma12,25,AAAAAaaaaa,BBBBBbbbbb,CCCCCccccc,DDDDDddddd,EEEEEeeeee,FFFFFfffff
26,Suma12,30,AAAAAaaaaa,BBBBBbbbbb,CCCCCccccc,DDDDDddddd,EEEEEeeeee,FFFFFfffff
27,Suma12,25,AAAAAaaaaa,BBBBBbbbbb,CCCCCccccc,DDDDDddddd,EEEEEeeeee,FFFFFfffff
28,Suma12,30,AAAAAaaaaa,BBBBBbbbbb,CCCCCccccc,DDDDDddddd,EEEEEeeeee,FFFFFfffff
29,Suma12,25,AAAAAaaaaa,BBBBBbbbbb,CCCCCccccc,DDDDDddddd,EEEEEeeeee,FFFFFfffff
30,Suma12,30,AAAAAaaaaa,BBBBBbbbbb,CCCCCccccc,DDDDDddddd,EEEEEeeeee,FFFFFfffff
31,Suma12,25,AAAAAaaaaa,BBBBBbbbbb,CCCCCccccc,DDDDDddddd,EEEEEeeeee,FFFFFfffff
32,Suma12,25,AAAAAaaaaa,BBBBBbbbbb,CCCCCccccc,DDDDDddddd,EEEEEeeeee,FFFFFfffff
33,Suma12,30,AAAAAaaaaa,BBBBBbbbbb,CCCCCccccc,DDDDDddddd,EEEEEeeeee,FFFFFfffff
34,Suma12,25,AAAAAaaaaa,BBBBBbbbbb,CCCCCccccc,DDDDDddddd,EEEEEeeeee,FFFFFfffff
35,Suma12,30,AAAAAaaaaa,BBBBBbbbbb,CCCCCccccc,DDDDDddddd,EEEEEeeeee,FFFFFfffff
36,Suma12,25,AAAAAaaaaa,BBBBBbbbbb,CCCCCccccc,DDDDDddddd,EEEEEeeeee,FFFFFfffff
37,Suma12,30,AAAAAaaaaa,BBBBBbbbbb,CCCCCccccc,DDDDDddddd,EEEEEeeeee,FFFFFfffff
38,Suma12,25,AAAAAaaaaa,BBBBBbbbbb,CCCCCccccc,DDDDDddddd,EEEEEeeeee,FFFFFfffff
1,Jack12,30,AAAAAaaaaa,BBBBBbbbbb,CCCCCccccc,DDDDDddddd,EEEEEeeeee,FFFFFfffff
2,Jack12,25,AAAAAaaaaa,BBBBBbbbbb,CCCCCccccc,DDDDDddddd,EEEEEeeeee,FFFFFfffff
3,Jack12,30,AAAAAaaaaa,BBBBBbbbbb,CCCCCccccc,DDDDDddddd,EEEEEeeeee,FFFFFfffff
4,Jack12,25,AAAAAaaaaa,BBBBBbbbbb,CCCCCccccc,DDDDDddddd,EEEEEeeeee,FFFFFfffff
5,Jack12,30,AAAAAaaaaa,BBBBBbbbbb,CCCCCccccc,DDDDDddddd,EEEEEeeeee,FFFFFfffff
6,Jack12,25,AAAAAaaaaa,BBBBBbbbbb,CCCCCccccc,DDDDDddddd,EEEEEeeeee,FFFFFfffff
7,Jack12,30,AAAAAaaaaa,BBBBBbbbbb,CCCCCccccc,DDDDDddddd,EEEEEeeeee,FFFFFfffff
8,Jack12,25,AAAAAaaaaa,BBBBBbbbbb,CCCCCccccc,DDDDDddddd,EEEEEeeeee,FFFFFfffff
9,Jack12,30,AAAAAaaaaa,BBBBBbbbbb,CCCCCccccc,DDDDDddddd,EEEEEeeeee,FFFFFfffff
10,Jack12,25,AAAAAaaaaa,BBBBBbbbbb,CCCCCccccc,DDDDDddddd,EEEEEeeeee,FFFFFfffff
11,Jack12,30,AAAAAaaaaa,BBBBBbbbbb,CCCCCccccc,DDDDDddddd,EEEEEeeeee,FFFFFfffff
12,Jack12,25,AAAAAaaaaa,BBBBBbbbbb,CCCCCccccc,DDDDDddddd,EEEEEeeeee,FFFFFfffff
13,Jack12,30,AAAAAaaaaa,BBBBBbbbbb,CCCCCccccc,DDDDDddddd,EEEEEeeeee,FFFFFfffff
14,Jack12,25,AAAAAaaaaa,BBBBBbbbbb,CCCCCccccc,DDDDDddddd,EEEEEeeeee,FFFFFfffff
15,Jack12,30,AAAAAaaaaa,BBBBBbbbbb,CCCCCccccc,DDDDDddddd,EEEEEeeeee,FFFFFfffff
16,Jack12,25,AAAAAaaaaa,BBBBBbbbbb,CCCCCccccc,DDDDDddddd,EEEEEeeeee,FFFFFfffff
17,Jack12,30,AAAAAaaaaa,BBBBBbbbbb,CCCCCccccc,DDDDDddddd,EEEEEeeeee,FFFFFfffff
18,Jack12,25,AAAAAaaaaa,BBBBBbbbbb,CCCCCccccc,DDDDDddddd,EEEEEeeeee,FFFFFfffff
19,Jack12,30,AAAAAaaaaa,BBBBBbbbbb,CCCCCccccc,DDDDDddddd,EEEEEeeeee,FFFFFfffff
20,Jack12,25,AAAAAaaaaa,BBBBBbbbbb,CCCCCccccc,DDDDDddddd,EEEEEeeeee,FFFFFfffff
21,Jack12,25,AAAAAaaaaa,BBBBBbbbbb,CCCCCccccc,DDDDDddddd,EEEEEeeeee,FFFFFfffff
22,Jack12,30,AAAAAaaaaa,BBBBBbbbbb,CCCCCccccc,DDDDDddddd,EEEEEeeeee,FFFFFfffff
23,Jack12,25,AAAAAaaaaa,BBBBBbbbbb,CCCCCccccc,DDDDDddddd,EEEEEeeeee,FFFFFfffff
24,Jack12,30,AAAAAaaaaa,BBBBBbbbbb,CCCCCccccc,DDDDDddddd,EEEEEeeeee,FFFFFfffff
25,Jack12,25,AAAAAaaaaa,BBBBBbbbbb,CCCCCccccc,DDDDDddddd,EEEEEeeeee,FFFFFfffff
26,Jack12,30,AAAAAaaaaa,BBBBBbbbbb,CCCCCccccc,DDDDDddddd,EEEEEeeeee,FFFFFfffff
27,Jack12,25,AAAAAaaaaa,BBBBBbbbbb,CCCCCccccc,DDDDDddddd,EEEEEeeeee,FFFFFfffff
28,Jack12,30,AAAAAaaaaa,BBBBBbbbbb,CCCCCccccc,DDDDDddddd,EEEEEeeeee,FFFFFfffff
29,Jack12,25,AAAAAaaaaa,BBBBBbbbbb,CCCCCccccc,DDDDDddddd,EEEEEeeeee,FFFFFfffff
30,Jack12,30,AAAAAaaaaa,BBBBBbbbbb,CCCCCccccc,DDDDDddddd,EEEEEeeeee,FFFFFfffff
31,Jack12,25,AAAAAaaaaa,BBBBBbbbbb,CCCCCccccc,DDDDDddddd,EEEEEeeeee,FFFFFfffff
32,Jack12,25,AAAAAaaaaa,BBBBBbbbbb,CCCCCccccc,DDDDDddddd,EEEEEeeeee,FFFFFfffff
33,Jack12,30,AAAAAaaaaa,BBBBBbbbbb,CCCCCccccc,DDDDDddddd,EEEEEeeeee,FFFFFfffff
34,Jack12,25,AAAAAaaaaa,BBBBBbbbbb,CCCCCccccc,DDDDDddddd,EEEEEeeeee,FFFFFfffff
35,Jack12,30,AAAAAaaaaa,BBBBBbbbbb,CCCCCccccc,DDDDDddddd,EEEEEeeeee,FFFFFfffff
36,Jack12,25,AAAAAaaaaa,BBBBBbbbbb,CCCCCccccc,DDDDDddddd,EEEEEeeeee,FFFFFfffff
37,Jack12,30,AAAAAaaaaa,BBBBBbbbbb,CCCCCccccc,DDDDDddddd,EEEEEeeeee,FFFFFfffff
38,Jack12,25,AAAAAaaaaa,BBBBBbbbbb,CCCCCccccc,DDDDDddddd,EEEEEeeeee,FFFFFfffff
1,John12,30,AAAAAaaaaa,BBBBBbbbbb,CCCCCccccc,DDDDDddddd,EEEEEeeeee,FFFFFfffff
2,John12,25,AAAAAaaaaa,BBBBBbbbbb,CCCCCccccc,DDDDDddddd,EEEEEeeeee,FFFFFfffff
3,John12,30,AAAAAaaaaa,BBBBBbbbbb,CCCCCccccc,DDDDDddddd,EEEEEeeeee,FFFFFfffff
4,John12,25,AAAAAaaaaa,BBBBBbbbbb,CCCCCccccc,DDDDDddddd,EEEEEeeeee,FFFFFfffff
5,John12,30,AAAAAaaaaa,BBBBBbbbbb,CCCCCccccc,DDDDDddddd,EEEEEeeeee,FFFFFfffff
6,John12,25,AAAAAaaaaa,BBBBBbbbbb,CCCCCccccc,DDDDDddddd,EEEEEeeeee,FFFFFfffff
7,John12,30,AAAAAaaaaa,BBBBBbbbbb,CCCCCccccc,DDDDDddddd,EEEEEeeeee,FFFFFfffff
8,John12,25,AAAAAaaaaa,BBBBBbbbbb,CCCCCccccc,DDDDDddddd,EEEEEeeeee,FFFFFfffff
9,John12,30,AAAAAaaaaa,BBBBBbbbbb,CCCCCccccc,DDDDDddddd,EEEEEeeeee,FFFFFfffff
10,John12,25,AAAAAaaaaa,BBBBBbbbbb,CCCCCccccc,DDDDDddddd,EEEEEeeeee,FFFFFfffff
11,John12,30,AAAAAaaaaa,BBBBBbbbbb,CCCCCccccc,DDDDDddddd,EEEEEeeeee,FFFFFfffff
12,John12,25,AAAAAaaaaa,BBBBBbbbbb,CCCCCccccc,DDDDDddddd,EEEEEeeeee,FFFFFfffff
13,John12,30,AAAAAaaaaa,BBBBBbbbbb,CCCCCccccc,DDDDDddddd,EEEEEeeeee,FFFFFfffff
14,John12,25,AAAAAaaaaa,BBBBBbbbbb,CCCCCccccc,DDDDDddddd,EEEEEeeeee,FFFFFfffff
15,John12,30,AAAAAaaaaa,BBBBBbbbbb,CCCCCccccc,DDDDDddddd,EEEEEeeeee,FFFFFfffff
16,John12,25,AAAAAaaaaa,BBBBBbbbbb,CCCCCccccc,DDDDDddddd,EEEEEeeeee,FFFFFfffff
17,John12,30,AAAAAaaaaa,BBBBBbbbbb,CCCCCccccc,DDDDDddddd,EEEEEeeeee,FFFFFfffff
18,John12,25,AAAAAaaaaa,BBBBBbbbbb,CCCCCccccc,DDDDDddddd,EEEEEeeeee,FFFFFfffff
19,John12,30,AAAAAaaaaa,BBBBBbbbbb,CCCCCccccc,DDDDDddddd,EEEEEeeeee,FFFFFfffff
20,John12,25,AAAAAaaaaa,BBBBBbbbbb,CCCCCccccc,DDDDDddddd,EEEEEeeeee,FFFFFfffff
21,John12,25,AAAAAaaaaa,BBBBBbbbbb,CCCCCccccc,DDDDDddddd,EEEEEeeeee,FFFFFfffff
22,John12,30,AAAAAaaaaa,BBBBBbbbbb,CCCCCccccc,DDDDDddddd,EEEEEeeeee,FFFFFfffff
23,John12,25,AAAAAaaaaa,BBBBBbbbbb,CCCCCccccc,DDDDDddddd,EEEEEeeeee,FFFFFfffff
24,John12,30,AAAAAaaaaa,BBBBBbbbbb,CCCCCccccc,DDDDDddddd,EEEEEeeeee,FFFFFfffff
25,John12,25,AAAAAaaaaa,BBBBBbbbbb,CCCCCccccc,DDDDDddddd,EEEEEeeeee,FFFFFfffff
26,John12,30,AAAAAaaaaa,BBBBBbbbbb,CCCCCccccc,DDDDDddddd,EEEEEeeeee,FFFFFfffff
27,John12,25,AAAAAaaaaa,BBBBBbbbbb,CCCCCccccc,DDDDDddddd,EEEEEeeeee,FFFFFfffff
28,John12,30,AAAAAaaaaa,BBBBBbbbbb,CCCCCccccc,DDDDDddddd,EEEEEeeeee,FFFFFfffff
29,John12,25,AAAAAaaaaa,BBBBBbbbbb,CCCCCccccc,DDDDDddddd,EEEEEeeeee,FFFFFfffff
30,John12,30,AAAAAaaaaa,BBBBBbbbbb,CCCCCccccc,DDDDDddddd,EEEEEeeeee,FFFFFfffff
31,John12,25,AAAAAaaaaa,BBBBBbbbbb,CCCCCccccc,DDDDDddddd,EEEEEeeeee,FFFFFfffff
32,John12,25,AAAAAaaaaa,BBBBBbbbbb,CCCCCccccc,DDDDDddddd,EEEEEeeeee,FFFFFfffff
33,John12,30,AAAAAaaaaa,BBBBBbbbbb,CCCCCccccc,DDDDDddddd,EEEEEeeeee,FFFFFfffff
34,John12,25,AAAAAaaaaa,BBBBBbbbbb,CCCCCccccc,DDDDDddddd,EEEEEeeeee,FFFFFfffff
35,John12,30,AAAAAaaaaa,BBBBBbbbbb,CCCCCccccc,DDDDDddddd,EEEEEeeeee,FFFFFfffff
36,John12,25,AAAAAaaaaa,BBBBBbbbbb,CCCCCccccc,DDDDDddddd,EEEEEeeeee,FFFFFfffff
37,John12,30,AAAAAaaaaa,BBBBBbbbbb,CCCCCccccc,DDDDDddddd,EEEEEeeeee,FFFFFfffff
38,John12,25,AAAAAaaaaa,BBBBBbbbbb,CCCCCccccc,DDDDDddddd,EEEEEeeeee,FFFFFfffff
1,Peter12,30,AAAAAaaaaa,BBBBBbbbbb,CCCCCccccc,DDDDDddddd,EEEEEeeeee,FFFFFfffff
2,Peter12,25,AAAAAaaaaa,BBBBBbbbbb,CCCCCccccc,DDDDDddddd,EEEEEeeeee,FFFFFfffff
3,Peter12,30,AAAAAaaaaa,BBBBBbbbbb,CCCCCccccc,DDDDDddddd,EEEEEeeeee,FFFFFfffff
4,Peter12,25,AAAAAaaaaa,BBBBBbbbbb,CCCCCccccc,DDDDDddddd,EEEEEeeeee,FFFFFfffff
5,Peter12,30,AAAAAaaaaa,BBBBBbbbbb,CCCCCccccc,DDDDDddddd,EEEEEeeeee,FFFFFfffff
6,Peter12,25,AAAAAaaaaa,BBBBBbbbbb,CCCCCccccc,DDDDDddddd,EEEEEeeeee,FFFFFfffff
7,Peter12,30,AAAAAaaaaa,BBBBBbbbbb,CCCCCccccc,DDDDDddddd,EEEEEeeeee,FFFFFfffff
8,Peter12,25,AAAAAaaaaa,BBBBBbbbbb,CCCCCccccc,DDDDDddddd,EEEEEeeeee,FFFFFfffff
9,Peter12,30,AAAAAaaaaa,BBBBBbbbbb,CCCCCccccc,DDDDDddddd,EEEEEeeeee,FFFFFfffff
10,Peter12,25,AAAAAaaaaa,BBBBBbbbbb,CCCCCccccc,DDDDDddddd,EEEEEeeeee,FFFFFfffff
11,Peter12,30,AAAAAaaaaa,BBBBBbbbbb,CCCCCccccc,DDDDDddddd,EEEEEeeeee,FFFFFfffff
12,Peter12,25,AAAAAaaaaa,BBBBBbbbbb,CCCCCccccc,DDDDDddddd,EEEEEeeeee,FFFFFfffff
13,Peter12,30,AAAAAaaaaa,BBBBBbbbbb,CCCCCccccc,DDDDDddddd,EEEEEeeeee,FFFFFfffff
14,Peter12,25,AAAAAaaaaa,BBBBBbbbbb,CCCCCccccc,DDDDDddddd,EEEEEeeeee,FFFFFfffff
15,Peter12,30,AAAAAaaaaa,BBBBBbbbbb,CCCCCccccc,DDDDDddddd,EEEEEeeeee,FFFFFfffff
16,Peter12,25,AAAAAaaaaa,BBBBBbbbbb,CCCCCccccc,DDDDDddddd,EEEEEeeeee,FFFFFfffff
17,Peter12,30,AAAAAaaaaa,BBBBBbbbbb,CCCCCccccc,DDDDDddddd,EEEEEeeeee,FFFFFfffff
18,Peter12,25,AAAAAaaaaa,BBBBBbbbbb,CCCCCccccc,DDDDDddddd,EEEEEeeeee,FFFFFfffff
19,Peter12,30,AAAAAaaaaa,BBBBBbbbbb,CCCCCccccc,DDDDDddddd,EEEEEeeeee,FFFFFfffff
20,Peter12,25,AAAAAaaaaa,BBBBBbbbbb,CCCCCccccc,DDDDDddddd,EEEEEeeeee,FFFFFfffff
21,Peter12,25,AAAAAaaaaa,BBBBBbbbbb,CCCCCccccc,DDDDDddddd,EEEEEeeeee,FFFFFfffff
22,Peter12,30,AAAAAaaaaa,BBBBBbbbbb,CCCCCccccc,DDDDDddddd,EEEEEeeeee,FFFFFfffff
23,Peter12,25,AAAAAaaaaa,BBBBBbbbbb,CCCCCccccc,DDDDDddddd,EEEEEeeeee,FFFFFfffff
24,Peter12,30,AAAAAaaaaa,BBBBBbbbbb,CCCCCccccc,DDDDDddddd,EEEEEeeeee,FFFFFfffff
25,Peter12,25,AAAAAaaaaa,BBBBBbbbbb,CCCCCccccc,DDDDDddddd,EEEEEeeeee,FFFFFfffff
26,Peter12,30,AAAAAaaaaa,BBBBBbbbbb,CCCCCccccc,DDDDDddddd,EEEEEeeeee,FFFFFfffff
27,Peter12,25,AAAAAaaaaa,BBBBBbbbbb,CCCCCccccc,DDDDDddddd,EEEEEeeeee,FFFFFfffff
28,Peter12,30,AAAAAaaaaa,BBBBBbbbbb,CCCCCccccc,DDDDDddddd,EEEEEeeeee,FFFFFfffff
29,Peter12,25,AAAAAaaaaa,BBBBBbbbbb,CCCCCccccc,DDDDDddddd,EEEEEeeeee,FFFFFfffff
30,Peter12,30,AAAAAaaaaa,BBBBBbbbbb,CCCCCccccc,DDDDDddddd,EEEEEeeeee,FFFFFfffff
31,Peter12,25,AAAAAaaaaa,BBBBBbbbbb,CCCCCccccc,DDDDDddddd,EEEEEeeeee,FFFFFfffff
32,Peter12,25,AAAAAaaaaa,BBBBBbbbbb,CCCCCccccc,DDDDDddddd,EEEEEeeeee,FFFFFfffff
33,Peter12,30,AAAAAaaaaa,BBBBBbbbbb,CCCCCccccc,DDDDDddddd,EEEEEeeeee,FFFFFfffff
34,Peter12,25,AAAAAaaaaa,BBBBBbbbbb,CCCCCccccc,DDDDDddddd,EEEEEeeeee,FFFFFfffff
35,Peter12,30,AAAAAaaaaa,BBBBBbbbbb,CCCCCccccc,DDDDDddddd,EEEEEeeeee,FFFFFfffff
36,Peter12,25,AAAAAaaaaa,BBBBBbbbbb,CCCCCccccc,DDDDDddddd,EEEEEeeeee,FFFFFfffff
37,Peter12,30,AAAAAaaaaa,BBBBBbbbbb,CCCCCccccc,DDDDDddddd,EEEEEeeeee,FFFFFfffff
38,Peter12,25,AAAAAaaaaa,BBBBBbbbbb,CCCCCccccc,DDDDDddddd,EEEEEeeeee,FFFFFfffff